4.012619068468093,"(0.3046875, {1: 0, 2: 1, 3: 1, 4: 1, 8: 1, 10: 0, 18: 0, 5: 1})"
26.74186083263507,"(0.3221329437545654, {1: 0, 2: 1, 3: 1, 4: 2, 17: 1, 30: 0, 8: 1, 10: 0, 6: 3, 7: 2, 12: 3, 14: 3, 19: 3, 18: 0, 9: 3, 24: 2, 11: 3, 22: 2, 5: 2})"
49.154948196758085,"(0.3959375, {1: 0, 2: 1, 3: 2, 4: 3, 35: 1, 17: 1, 30: 0, 26: 2, 8: 2, 10: 0, 6: 4, 7: 3, 12: 4, 14: 4, 19: 4, 18: 0, 9: 4, 24: 3, 11: 4, 22: 4, 5: 3})"
70.57152861115327,"(0.3609467455621302, {1: 0, 2: 1, 3: 1, 4: 2, 35: 1, 50: 2, 54: 0, 17: 1, 30: 0, 26: 1, 20: 2, 36: 2, 45: 0, 40: 3, 52: 1, 8: 1, 10: 0, 6: 4, 7: 3, 12: 4, 14: 4, 18: 0, 9: 4, 24: 3, 11: 4, 22: 3, 5: 3})"
92.30984737560537,"(0.3959375, {1: 0, 2: 1, 3: 2, 4: 3, 35: 1, 17: 1, 30: 0, 26: 2, 8: 2, 10: 0, 6: 4, 7: 3, 12: 4, 14: 4, 19: 4, 18: 0, 9: 4, 24: 3, 11: 4, 22: 4, 5: 3})"
114.4865683915254,"(0.3959375, {1: 0, 2: 1, 3: 2, 4: 3, 35: 1, 17: 1, 30: 0, 26: 2, 8: 2, 10: 0, 6: 4, 7: 3, 12: 4, 14: 4, 19: 4, 18: 0, 9: 4, 24: 3, 11: 4, 22: 4, 5: 3})"
137.157849036958,"(0.33947681331747914, {1: 0, 2: 1, 3: 2, 4: 1, 58: 1, 78: 1, 35: 1, 50: 1, 17: 1, 30: 0, 26: 2, 36: 1, 62: 3, 20: 1, 81: 1, 83: 0, 70: 0, 52: 1, 33: 0, 40: 1, 8: 1, 10: 0, 6: 2, 7: 3, 60: 3, 12: 1, 25: 0, 14: 2, 23: 2, 19: 2, 21: 2, 18: 0, 9: 2, 24: 3, 16: 3, 38: 2, 11: 2, 22: 3, 5: 3})"
159.3324038637589,"(0.35119459833795014, {1: 0, 2: 1, 3: 1, 4: 2, 35: 1, 50: 2, 85: 2, 17: 1, 30: 0, 26: 1, 20: 2, 36: 2, 62: 3, 57: 1, 40: 1, 33: 0, 39: 0, 8: 1, 10: 0, 6: 4, 7: 3, 48: 3, 60: 1, 25: 0, 14: 4, 23: 4, 19: 4, 21: 4, 18: 0, 9: 4, 24: 3, 11: 1, 22: 1, 5: 1})"
180.4294725603778,"(0.3730578512396694, {1: 0, 2: 1, 3: 2, 4: 3, 58: 3, 78: 3, 126: 3, 35: 3, 50: 3, 17: 2, 30: 0, 26: 2, 36: 2, 62: 3, 20: 4, 101: 0, 81: 2, 83: 0, 43: 0, 70: 0, 52: 2, 33: 0, 40: 2, 121: 4, 8: 2, 10: 1, 6: 4, 7: 0, 60: 3, 12: 4, 25: 1, 14: 4, 23: 5, 91: 5, 90: 5, 19: 5, 37: 4, 21: 1, 63: 1, 18: 1, 9: 1, 24: 0, 16: 2, 38: 4, 109: 4, 11: 1, 22: 4, 47: 4, 5: 1})"
202.4223067333174,"(0.3730578512396694, {1: 0, 2: 1, 3: 2, 4: 3, 58: 3, 78: 3, 126: 3, 35: 3, 50: 3, 17: 2, 30: 0, 26: 2, 36: 2, 62: 3, 20: 4, 101: 0, 81: 2, 83: 0, 43: 0, 70: 0, 52: 2, 33: 0, 40: 2, 121: 4, 8: 2, 10: 1, 6: 4, 7: 0, 60: 3, 12: 4, 25: 1, 14: 4, 23: 5, 91: 5, 90: 5, 19: 5, 37: 4, 21: 1, 63: 1, 18: 1, 9: 1, 24: 0, 16: 2, 38: 4, 109: 4, 11: 1, 22: 4, 47: 4, 5: 1})"
225.01429909938167,"(0.38500478316326525, {1: 0, 2: 1, 3: 1, 4: 1, 58: 1, 78: 1, 126: 1, 35: 1, 50: 1, 17: 1, 30: 0, 26: 2, 36: 1, 62: 3, 20: 2, 101: 0, 81: 1, 83: 0, 43: 0, 70: 0, 52: 1, 33: 0, 40: 1, 121: 2, 8: 1, 10: 4, 6: 2, 7: 0, 60: 3, 12: 2, 25: 4, 14: 2, 23: 3, 91: 3, 90: 3, 19: 3, 37: 2, 21: 3, 63: 3, 18: 4, 9: 3, 24: 0, 16: 4, 38: 2, 109: 2, 11: 2, 22: 4, 47: 4, 5: 4})"
246.21302254927735,"(0.4567551168055264, {1: 0, 2: 1, 3: 2, 4: 3, 58: 4, 68: 3, 137: 0, 78: 4, 126: 4, 35: 4, 50: 3, 99: 5, 41: 0, 112: 3, 118: 5, 96: 4, 167: 5, 17: 4, 30: 0, 26: 2, 62: 3, 20: 5, 101: 0, 36: 5, 45: 2, 13: 2, 124: 6, 81: 4, 83: 0, 43: 7, 42: 4, 100: 4, 70: 0, 52: 4, 33: 7, 40: 5, 149: 0, 121: 3, 117: 6, 93: 6, 168: 4, 34: 1, 67: 4, 87: 4, 39: 7, 161: 6, 150: 0, 8: 6, 10: 7, 6: 2, 7: 8, 60: 4, 88: 2, 170: 7, 142: 2, 12: 2, 25: 1, 116: 6, 162: 1, 14: 3, 125: 6, 23: 5, 91: 5, 90: 0, 172: 3, 19: 8, 37: 2, 104: 7, 21: 8, 95: 3, 63: 8, 131: 8, 18: 4, 9: 8, 24: 8, 16: 6, 185: 1, 166: 3, 38: 3, 109: 1, 132: 7, 160: 1, 11: 1, 154: 7, 22: 7, 47: 7, 5: 8})"
267.9454268024301,"(0.46881393762787527, {1: 0, 2: 1, 3: 1, 4: 2, 58: 3, 68: 2, 137: 0, 78: 4, 126: 4, 35: 4, 50: 2, 99: 5, 41: 0, 112: 2, 118: 5, 96: 3, 167: 5, 194: 4, 17: 5, 30: 0, 26: 0, 62: 2, 20: 5, 101: 0, 36: 1, 45: 1, 13: 6, 200: 0, 184: 5, 124: 0, 81: 3, 83: 0, 43: 0, 42: 4, 106: 5, 100: 4, 155: 0, 183: 4, 70: 0, 52: 3, 33: 1, 40: 5, 149: 0, 129: 0, 121: 2, 117: 4, 93: 3, 168: 4, 182: 4, 34: 7, 67: 4, 87: 5, 39: 1, 72: 5, 161: 4, 150: 0, 8: 1, 10: 1, 6: 6, 7: 0, 60: 4, 165: 6, 88: 1, 170: 0, 142: 6, 12: 5, 25: 7, 116: 3, 162: 7, 15: 5, 195: 6, 14: 7, 125: 3, 71: 7, 23: 3, 91: 3, 90: 3, 172: 7, 19: 3, 37: 6, 104: 6, 21: 3, 95: 7, 63: 3, 131: 3, 18: 7, 9: 3, 24: 0, 16: 1, 185: 7, 166: 7, 38: 7, 109: 6, 132: 6, 160: 7, 187: 6, 11: 7, 154: 6, 198: 6, 22: 6, 47: 6, 5: 1})"
288.9489989411738,"(0.4714148813274523, {1: 0, 2: 1, 3: 2, 4: 3, 58: 1, 68: 3, 137: 0, 78: 4, 203: 4, 126: 4, 35: 4, 50: 3, 99: 5, 41: 0, 112: 3, 118: 5, 225: 5, 171: 5, 96: 1, 167: 5, 194: 4, 17: 6, 30: 0, 26: 7, 62: 3, 20: 5, 101: 2, 36: 1, 45: 2, 13: 2, 200: 0, 184: 5, 124: 8, 81: 7, 83: 0, 43: 8, 42: 4, 106: 1, 100: 4, 155: 0, 183: 4, 219: 0, 70: 0, 52: 1, 33: 2, 40: 1, 149: 0, 129: 2, 121: 3, 117: 4, 93: 1, 168: 2, 182: 4, 34: 7, 67: 2, 87: 6, 39: 2, 72: 1, 161: 4, 224: 2, 150: 0, 207: 4, 8: 1, 10: 2, 6: 6, 7: 2, 60: 4, 165: 6, 88: 6, 139: 7, 170: 8, 142: 6, 12: 6, 25: 2, 116: 1, 162: 7, 15: 1, 195: 6, 14: 3, 125: 1, 71: 2, 23: 7, 91: 7, 90: 7, 172: 3, 19: 7, 37: 6, 104: 2, 21: 7, 95: 3, 63: 7, 131: 7, 18: 2, 9: 7, 24: 2, 16: 1, 185: 2, 166: 3, 38: 3, 109: 7, 132: 8, 160: 7, 187: 8, 11: 7, 154: 8, 198: 4, 22: 8, 47: 8, 5: 2})"
309.05991060756025,"(0.47472944849115506, {1: 0, 2: 1, 3: 2, 4: 3, 58: 4, 68: 3, 137: 0, 78: 4, 203: 4, 126: 4, 35: 4, 50: 3, 99: 5, 41: 0, 112: 3, 118: 5, 225: 5, 171: 5, 96: 4, 167: 5, 194: 1, 17: 4, 30: 0, 26: 1, 62: 3, 20: 5, 101: 6, 36: 1, 45: 2, 13: 2, 200: 0, 184: 5, 44: 1, 124: 0, 108: 0, 81: 4, 83: 0, 43: 0, 42: 1, 106: 0, 233: 6, 100: 7, 155: 0, 183: 1, 219: 0, 70: 0, 52: 4, 33: 1, 40: 5, 149: 0, 129: 6, 51: 1, 121: 3, 117: 1, 93: 8, 168: 6, 182: 7, 34: 1, 67: 6, 87: 4, 39: 1, 72: 5, 161: 1, 224: 6, 150: 0, 207: 7, 237: 4, 8: 5, 10: 1, 6: 2, 7: 6, 60: 7, 206: 4, 235: 1, 165: 2, 88: 4, 139: 1, 170: 0, 158: 8, 143: 4, 142: 2, 12: 4, 25: 1, 116: 5, 162: 1, 15: 3, 195: 2, 14: 3, 125: 5, 71: 1, 23: 8, 91: 8, 120: 8, 90: 8, 172: 3, 19: 8, 37: 2, 104: 7, 174: 5, 21: 8, 95: 3, 63: 8, 131: 8, 18: 1, 9: 8, 24: 6, 16: 5, 185: 1, 166: 3, 38: 3, 123: 3, 109: 7, 132: 0, 160: 1, 187: 0, 11: 1, 154: 0, 198: 7, 22: 7, 47: 6, 5: 6})"
330.6135347875267,"(0.5003777944071897, {1: 0, 2: 1, 3: 2, 4: 3, 64: 1, 58: 4, 68: 3, 137: 0, 78: 5, 241: 3, 203: 5, 126: 5, 271: 3, 35: 5, 50: 3, 99: 6, 41: 0, 112: 3, 118: 6, 225: 6, 122: 0, 261: 0, 171: 6, 96: 4, 167: 6, 194: 7, 17: 8, 30: 0, 26: 7, 62: 3, 20: 6, 101: 9, 36: 10, 45: 4, 13: 2, 200: 0, 184: 6, 44: 1, 243: 7, 124: 11, 108: 0, 254: 9, 256: 10, 259: 0, 81: 7, 83: 0, 42: 7, 106: 10, 233: 9, 43: 11, 100: 5, 155: 0, 240: 10, 183: 7, 262: 4, 219: 0, 70: 0, 52: 4, 33: 8, 40: 10, 149: 0, 129: 9, 51: 10, 121: 3, 117: 7, 93: 4, 168: 9, 182: 5, 34: 7, 67: 9, 87: 8, 39: 8, 72: 10, 107: 4, 161: 10, 224: 9, 250: 10, 217: 10, 150: 0, 207: 5, 237: 8, 8: 10, 10: 1, 6: 2, 7: 9, 60: 5, 206: 8, 235: 7, 165: 2, 88: 8, 139: 7, 170: 11, 158: 4, 221: 2, 143: 8, 142: 2, 264: 3, 12: 8, 25: 1, 116: 10, 279: 2, 162: 7, 15: 3, 195: 2, 14: 3, 125: 10, 71: 1, 242: 11, 23: 8, 91: 8, 120: 8, 90: 0, 172: 3, 19: 4, 37: 2, 104: 1, 174: 10, 248: 1, 265: 7, 192: 4, 21: 4, 95: 3, 63: 4, 131: 4, 18: 1, 9: 4, 24: 9, 16: 10, 185: 7, 166: 3, 38: 3, 123: 3, 109: 3, 132: 11, 245: 1, 160: 7, 187: 11, 210: 7, 11: 7, 154: 11, 198: 3, 173: 11, 22: 1, 252: 1, 47: 1, 5: 1})"
353.41931359604564,"(0.509982039006737, {1: 0, 2: 1, 3: 2, 4: 3, 64: 1, 58: 1, 68: 3, 137: 0, 156: 2, 78: 1, 241: 3, 203: 1, 126: 1, 271: 3, 35: 1, 50: 3, 99: 4, 41: 0, 112: 3, 118: 4, 225: 4, 122: 0, 261: 0, 171: 4, 96: 1, 167: 4, 194: 5, 17: 1, 30: 0, 26: 5, 62: 3, 20: 4, 101: 6, 36: 7, 45: 8, 13: 2, 200: 0, 184: 4, 44: 3, 243: 3, 270: 3, 124: 9, 108: 0, 254: 6, 256: 7, 259: 0, 81: 1, 83: 0, 42: 3, 106: 7, 233: 6, 43: 9, 100: 3, 155: 0, 240: 7, 183: 3, 262: 9, 219: 0, 70: 0, 52: 1, 33: 9, 40: 7, 149: 0, 129: 6, 51: 9, 121: 3, 117: 3, 93: 8, 293: 9, 168: 6, 182: 3, 34: 1, 67: 6, 87: 1, 39: 9, 72: 7, 107: 1, 268: 9, 161: 7, 224: 6, 250: 7, 217: 7, 150: 0, 207: 3, 237: 1, 8: 7, 10: 9, 6: 2, 7: 6, 60: 3, 206: 1, 235: 5, 277: 0, 165: 2, 88: 1, 139: 5, 170: 9, 158: 8, 221: 2, 143: 1, 142: 2, 264: 0, 12: 1, 25: 6, 116: 7, 162: 1, 15: 1, 195: 2, 14: 0, 125: 7, 71: 6, 242: 9, 23: 8, 91: 8, 120: 8, 90: 8, 172: 0, 19: 8, 37: 2, 104: 9, 174: 7, 248: 6, 265: 5, 192: 8, 21: 8, 95: 0, 63: 8, 131: 8, 289: 8, 18: 6, 9: 8, 24: 6, 16: 7, 185: 3, 166: 0, 38: 5, 123: 5, 269: 5, 109: 5, 132: 9, 245: 9, 160: 5, 187: 9, 210: 5, 11: 5, 154: 9, 198: 3, 173: 9, 22: 9, 252: 9, 47: 9, 5: 6})"
374.86835260391774,"(0.5249980763311789, {1: 0, 2: 1, 3: 2, 4: 3, 64: 3, 58: 3, 68: 3, 137: 0, 156: 2, 78: 3, 241: 3, 203: 3, 126: 3, 271: 3, 114: 3, 35: 4, 50: 3, 99: 5, 41: 0, 112: 3, 287: 1, 118: 5, 225: 5, 122: 0, 261: 0, 46: 4, 136: 0, 171: 5, 96: 3, 167: 5, 194: 4, 266: 5, 17: 4, 30: 0, 26: 6, 62: 3, 20: 5, 101: 7, 36: 1, 45: 8, 13: 2, 200: 0, 184: 5, 44: 1, 243: 4, 270: 9, 305: 7, 124: 10, 108: 0, 254: 7, 256: 1, 97: 4, 259: 0, 283: 1, 286: 7, 81: 4, 83: 0, 42: 4, 106: 1, 233: 7, 43: 10, 273: 0, 100: 4, 301: 10, 155: 0, 240: 1, 183: 4, 262: 10, 219: 6, 70: 0, 52: 3, 33: 11, 40: 1, 149: 0, 129: 7, 51: 1, 212: 2, 138: 7, 121: 3, 117: 9, 93: 10, 168: 7, 267: 6, 182: 4, 34: 6, 67: 3, 87: 11, 39: 10, 72: 1, 107: 3, 268: 1, 310: 7, 234: 10, 161: 9, 224: 7, 288: 7, 250: 1, 303: 11, 217: 9, 150: 6, 207: 4, 237: 11, 8: 1, 10: 1, 6: 2, 7: 7, 211: 2, 60: 4, 206: 11, 247: 11, 235: 4, 189: 6, 277: 6, 165: 2, 88: 11, 139: 6, 170: 10, 158: 10, 272: 11, 221: 2, 299: 6, 143: 11, 105: 6, 284: 9, 142: 2, 264: 6, 12: 11, 25: 9, 116: 10, 278: 7, 162: 6, 15: 3, 195: 2, 14: 6, 125: 10, 71: 9, 242: 10, 23: 10, 91: 10, 120: 10, 90: 10, 172: 6, 19: 8, 37: 2, 104: 7, 174: 10, 248: 9, 265: 6, 192: 8, 300: 8, 21: 8, 95: 6, 63: 8, 131: 8, 289: 8, 18: 9, 9: 8, 24: 7, 16: 10, 185: 9, 166: 6, 38: 6, 320: 8, 123: 6, 269: 6, 109: 6, 132: 10, 245: 7, 226: 10, 160: 4, 187: 10, 210: 4, 11: 6, 154: 7, 198: 6, 173: 7, 22: 7, 252: 7, 47: 7, 5: 7})"
397.7349643396813,"(0.5112310964083177, {1: 0, 2: 1, 3: 2, 4: 3, 64: 1, 58: 1, 68: 3, 137: 0, 156: 2, 78: 3, 241: 3, 203: 3, 126: 3, 271: 3, 114: 3, 35: 4, 50: 3, 99: 5, 41: 0, 112: 5, 287: 1, 118: 5, 225: 5, 122: 0, 261: 0, 46: 4, 136: 0, 171: 5, 96: 1, 167: 5, 194: 4, 266: 5, 17: 4, 30: 0, 26: 6, 62: 7, 20: 5, 101: 8, 36: 1, 45: 2, 13: 2, 200: 0, 184: 5, 44: 1, 243: 4, 270: 9, 305: 8, 311: 10, 313: 8, 124: 10, 108: 0, 254: 8, 256: 1, 97: 4, 259: 0, 283: 1, 286: 8, 81: 4, 83: 0, 42: 4, 106: 1, 233: 8, 43: 10, 100: 4, 301: 10, 155: 0, 240: 5, 312: 11, 183: 9, 262: 10, 308: 1, 219: 0, 70: 0, 52: 1, 33: 11, 40: 5, 149: 0, 129: 8, 51: 1, 138: 7, 121: 3, 117: 9, 93: 10, 168: 2, 267: 0, 182: 4, 179: 3, 34: 6, 67: 2, 87: 11, 39: 11, 72: 9, 107: 1, 268: 1, 234: 10, 161: 9, 224: 2, 288: 2, 250: 9, 303: 11, 217: 9, 150: 0, 207: 4, 237: 11, 8: 9, 10: 1, 6: 2, 7: 7, 211: 2, 60: 4, 206: 11, 153: 11, 235: 4, 189: 6, 277: 0, 165: 2, 88: 11, 139: 6, 170: 10, 158: 7, 272: 11, 221: 2, 299: 0, 143: 11, 105: 9, 284: 9, 142: 2, 264: 3, 12: 11, 25: 9, 116: 10, 278: 6, 162: 6, 15: 1, 195: 2, 14: 9, 125: 10, 71: 9, 242: 12, 23: 9, 91: 11, 120: 11, 90: 11, 172: 3, 19: 9, 37: 2, 104: 12, 174: 10, 248: 9, 265: 6, 192: 7, 300: 7, 21: 7, 95: 3, 63: 7, 131: 7, 289: 7, 18: 9, 9: 7, 24: 7, 16: 10, 185: 9, 166: 3, 38: 3, 123: 3, 269: 3, 109: 3, 132: 12, 245: 12, 160: 4, 187: 12, 210: 6, 11: 6, 154: 12, 198: 3, 173: 12, 22: 12, 252: 12, 47: 12, 5: 7})"
419.90127554443677,"(0.5312828355336392, {1: 0, 2: 1, 3: 2, 4: 3, 321: 3, 64: 3, 335: 3, 343: 3, 58: 3, 68: 3, 137: 0, 156: 3, 141: 3, 78: 3, 241: 3, 203: 3, 126: 3, 271: 3, 114: 3, 35: 1, 50: 3, 99: 4, 41: 0, 112: 5, 287: 1, 348: 0, 118: 4, 225: 4, 122: 0, 261: 0, 46: 1, 136: 0, 171: 4, 96: 5, 167: 4, 194: 1, 266: 4, 17: 1, 30: 0, 26: 1, 62: 6, 20: 4, 101: 6, 36: 5, 45: 2, 13: 2, 200: 0, 184: 4, 44: 1, 270: 3, 305: 6, 311: 7, 243: 1, 313: 6, 337: 2, 124: 8, 108: 0, 254: 6, 256: 5, 97: 1, 259: 0, 283: 5, 286: 6, 81: 1, 83: 0, 42: 1, 106: 5, 233: 6, 43: 8, 273: 0, 100: 1, 319: 8, 301: 8, 155: 0, 240: 5, 312: 8, 183: 3, 262: 8, 308: 3, 219: 9, 70: 0, 52: 5, 33: 8, 40: 5, 149: 0, 129: 6, 51: 5, 138: 6, 212: 2, 322: 5, 351: 1, 121: 3, 117: 3, 93: 7, 168: 2, 267: 9, 182: 1, 179: 3, 34: 1, 67: 2, 87: 8, 39: 8, 72: 5, 107: 5, 268: 5, 310: 6, 234: 8, 161: 5, 224: 6, 288: 2, 325: 5, 250: 5, 303: 8, 356: 6, 217: 5, 276: 6, 150: 9, 207: 1, 237: 8, 8: 5, 10: 5, 6: 2, 7: 6, 180: 6, 323: 9, 211: 2, 60: 1, 206: 8, 153: 0, 247: 8, 235: 1, 189: 1, 334: 8, 277: 9, 165: 2, 88: 8, 139: 1, 53: 5, 342: 2, 170: 8, 158: 7, 272: 8, 221: 2, 299: 9, 143: 8, 105: 5, 284: 5, 142: 2, 264: 9, 12: 8, 25: 5, 116: 0, 278: 2, 162: 1, 15: 3, 195: 2, 14: 5, 125: 0, 71: 5, 242: 8, 23: 7, 307: 5, 91: 8, 120: 8, 90: 8, 172: 3, 19: 7, 37: 2, 104: 10, 174: 0, 248: 5, 265: 1, 192: 7, 300: 7, 21: 7, 95: 3, 63: 7, 131: 7, 289: 7, 18: 5, 9: 7, 24: 6, 16: 0, 185: 3, 329: 2, 166: 9, 367: 10, 38: 3, 320: 7, 123: 3, 269: 3, 109: 3, 132: 10, 245: 10, 330: 10, 347: 10, 226: 10, 160: 1, 187: 10, 210: 2, 11: 1, 154: 10, 198: 1, 173: 10, 22: 10, 252: 10, 47: 10, 5: 10})"
441.6573778452033,"(0.5243104020121336, {1: 0, 2: 1, 3: 2, 4: 1, 321: 1, 64: 1, 335: 1, 343: 1, 58: 1, 68: 3, 137: 0, 156: 1, 141: 4, 78: 4, 241: 3, 203: 4, 126: 4, 271: 3, 114: 4, 35: 5, 50: 3, 99: 6, 41: 0, 112: 1, 287: 1, 348: 0, 118: 6, 225: 6, 122: 0, 261: 0, 46: 7, 136: 0, 171: 6, 96: 8, 167: 6, 194: 3, 266: 6, 17: 7, 30: 0, 26: 3, 62: 5, 20: 6, 101: 9, 36: 1, 45: 9, 13: 2, 200: 0, 184: 6, 44: 1, 270: 3, 305: 9, 311: 5, 243: 3, 135: 4, 313: 9, 337: 2, 124: 4, 108: 0, 254: 9, 256: 1, 97: 7, 259: 0, 283: 1, 286: 9, 81: 7, 83: 0, 42: 3, 106: 1, 233: 9, 43: 4, 273: 0, 100: 5, 319: 4, 301: 4, 155: 0, 240: 1, 312: 4, 183: 3, 262: 4, 308: 1, 219: 10, 70: 0, 52: 8, 33: 4, 40: 6, 149: 0, 129: 9, 51: 1, 212: 2, 322: 1, 351: 7, 121: 3, 117: 3, 93: 5, 168: 9, 267: 10, 182: 5, 179: 3, 34: 7, 67: 8, 87: 7, 39: 11, 72: 8, 107: 8, 268: 1, 310: 9, 234: 4, 161: 8, 224: 9, 288: 2, 325: 8, 250: 8, 303: 4, 356: 9, 217: 8, 276: 9, 150: 10, 207: 5, 237: 7, 8: 8, 10: 1, 6: 2, 7: 9, 180: 5, 323: 10, 211: 2, 60: 5, 206: 7, 153: 4, 247: 4, 235: 3, 189: 7, 334: 4, 277: 10, 165: 2, 88: 4, 139: 3, 53: 1, 342: 2, 170: 4, 158: 5, 272: 7, 221: 2, 299: 10, 143: 4, 105: 3, 284: 8, 142: 2, 373: 12, 264: 10, 12: 7, 25: 8, 116: 0, 278: 9, 162: 7, 15: 1, 195: 2, 14: 3, 125: 0, 71: 8, 242: 4, 23: 11, 307: 8, 91: 11, 120: 11, 90: 11, 172: 3, 19: 11, 37: 2, 104: 12, 174: 0, 248: 8, 265: 3, 192: 11, 300: 11, 21: 11, 95: 3, 63: 5, 131: 5, 289: 5, 18: 8, 9: 5, 24: 9, 16: 0, 185: 3, 329: 9, 166: 10, 38: 3, 320: 11, 123: 3, 269: 3, 109: 3, 132: 12, 245: 12, 330: 12, 347: 12, 226: 12, 160: 3, 187: 12, 210: 9, 11: 3, 154: 12, 198: 5, 173: 12, 22: 12, 252: 12, 47: 12, 5: 12})"
463.2305790961291,"(0.545412523515184, {1: 0, 2: 1, 3: 2, 4: 3, 321: 3, 64: 3, 335: 3, 76: 3, 343: 3, 355: 3, 58: 3, 68: 3, 137: 0, 156: 3, 141: 3, 78: 3, 241: 3, 203: 3, 126: 3, 271: 3, 114: 3, 393: 1, 35: 4, 50: 3, 99: 5, 41: 0, 112: 6, 287: 1, 61: 2, 348: 0, 396: 5, 118: 5, 225: 5, 122: 0, 261: 0, 46: 4, 136: 0, 171: 5, 377: 5, 96: 6, 167: 5, 194: 4, 266: 5, 147: 1, 17: 4, 30: 0, 26: 2, 62: 7, 20: 5, 101: 8, 36: 6, 45: 9, 13: 2, 200: 0, 184: 5, 44: 1, 270: 3, 305: 8, 311: 9, 243: 4, 313: 8, 337: 2, 124: 5, 108: 0, 254: 8, 256: 6, 97: 4, 368: 4, 259: 0, 283: 6, 286: 8, 81: 4, 83: 0, 42: 4, 106: 6, 233: 8, 43: 9, 273: 0, 163: 2, 402: 6, 100: 4, 319: 9, 301: 9, 155: 0, 240: 6, 312: 9, 183: 10, 262: 9, 308: 3, 219: 5, 70: 0, 52: 2, 33: 11, 40: 6, 149: 0, 129: 8, 51: 6, 138: 7, 212: 2, 322: 6, 351: 1, 365: 7, 318: 7, 121: 3, 117: 10, 93: 9, 364: 2, 391: 6, 168: 2, 267: 5, 406: 2, 182: 4, 179: 3, 34: 1, 67: 2, 87: 11, 39: 11, 72: 6, 107: 2, 268: 6, 310: 8, 234: 9, 397: 5, 161: 10, 224: 8, 288: 2, 325: 10, 250: 6, 303: 11, 356: 8, 217: 10, 276: 8, 150: 5, 207: 4, 237: 11, 8: 6, 10: 6, 6: 2, 7: 8, 180: 7, 370: 9, 323: 5, 398: 3, 211: 2, 60: 4, 206: 11, 153: 11, 247: 11, 235: 4, 189: 1, 334: 11, 277: 5, 165: 2, 88: 11, 139: 1, 53: 10, 342: 2, 170: 9, 158: 9, 272: 11, 384: 10, 221: 2, 299: 5, 143: 11, 105: 5, 238: 5, 284: 10, 142: 2, 264: 5, 12: 11, 25: 10, 116: 9, 371: 1, 278: 9, 162: 1, 15: 3, 195: 2, 14: 3, 125: 9, 71: 10, 399: 10, 242: 9, 23: 2, 307: 10, 91: 5, 120: 5, 400: 5, 90: 5, 172: 3, 19: 7, 37: 2, 104: 6, 174: 9, 248: 10, 265: 1, 375: 7, 192: 7, 300: 7, 21: 7, 95: 3, 374: 9, 148: 4, 63: 7, 131: 7, 289: 7, 18: 10, 9: 7, 24: 0, 16: 9, 185: 10, 329: 9, 166: 5, 38: 3, 320: 1, 123: 4, 352: 8, 269: 4, 109: 4, 132: 9, 245: 6, 330: 9, 347: 9, 226: 9, 160: 4, 187: 9, 210: 9, 11: 1, 154: 9, 198: 4, 363: 6, 173: 11, 22: 6, 252: 6, 47: 6, 5: 6})"
485.7403418799705,"(0.5391055286365493, {1: 0, 2: 1, 3: 2, 4: 3, 321: 3, 64: 3, 335: 3, 76: 3, 343: 3, 355: 3, 58: 3, 68: 3, 137: 0, 156: 4, 141: 3, 78: 3, 241: 3, 203: 3, 126: 3, 271: 3, 114: 3, 35: 5, 50: 3, 99: 6, 41: 0, 112: 1, 287: 1, 61: 2, 348: 0, 396: 6, 118: 7, 225: 6, 122: 0, 261: 0, 46: 5, 136: 0, 171: 7, 377: 7, 96: 1, 167: 7, 194: 5, 266: 6, 147: 8, 17: 5, 30: 0, 26: 2, 62: 9, 20: 7, 101: 10, 36: 1, 45: 2, 13: 2, 200: 0, 184: 6, 44: 1, 270: 3, 305: 10, 311: 9, 243: 5, 313: 10, 337: 2, 124: 11, 108: 0, 254: 10, 256: 1, 97: 5, 368: 5, 259: 0, 283: 1, 286: 10, 257: 0, 81: 5, 83: 0, 42: 5, 106: 1, 233: 10, 43: 11, 273: 0, 163: 2, 402: 1, 100: 5, 319: 11, 301: 11, 155: 0, 240: 1, 312: 11, 183: 12, 262: 11, 308: 4, 219: 0, 70: 0, 52: 2, 33: 11, 40: 6, 149: 0, 129: 10, 51: 1, 138: 9, 212: 2, 322: 1, 351: 8, 365: 9, 318: 9, 121: 3, 117: 12, 93: 9, 364: 2, 391: 6, 168: 2, 267: 0, 182: 5, 179: 3, 34: 8, 67: 2, 87: 4, 39: 11, 72: 6, 107: 2, 268: 1, 310: 10, 234: 11, 161: 12, 224: 10, 288: 2, 325: 12, 250: 6, 303: 11, 356: 10, 217: 12, 276: 10, 150: 7, 207: 5, 237: 4, 8: 6, 10: 1, 6: 2, 7: 10, 180: 9, 370: 11, 323: 7, 398: 3, 211: 2, 60: 5, 206: 4, 153: 0, 247: 11, 235: 5, 189: 8, 334: 11, 277: 7, 165: 2, 88: 11, 139: 8, 53: 12, 342: 2, 170: 11, 158: 9, 272: 4, 384: 12, 221: 2, 299: 7, 143: 3, 105: 4, 238: 4, 284: 12, 142: 2, 264: 7, 12: 4, 25: 12, 116: 6, 371: 8, 278: 2, 162: 8, 15: 4, 195: 2, 14: 4, 125: 6, 71: 12, 242: 11, 23: 4, 307: 12, 91: 4, 120: 4, 400: 4, 90: 4, 172: 8, 19: 9, 37: 2, 104: 1, 174: 6, 248: 12, 265: 8, 375: 9, 192: 9, 300: 9, 21: 9, 95: 3, 374: 6, 148: 5, 63: 9, 131: 9, 289: 9, 18: 12, 9: 9, 24: 8, 16: 6, 185: 12, 329: 2, 166: 7, 38: 3, 320: 8, 123: 3, 352: 10, 269: 3, 109: 3, 132: 11, 245: 1, 330: 11, 347: 11, 226: 11, 160: 5, 187: 11, 210: 2, 11: 8, 154: 11, 198: 3, 363: 1, 173: 4, 22: 1, 252: 1, 47: 1, 5: 1})"
505.9500090464966,"(0.5284964218471521, {1: 0, 2: 1, 3: 2, 4: 3, 321: 3, 64: 3, 335: 3, 76: 3, 343: 3, 355: 3, 58: 3, 68: 3, 137: 0, 156: 3, 141: 3, 411: 3, 78: 3, 241: 3, 203: 3, 126: 3, 271: 3, 114: 3, 393: 1, 35: 4, 50: 3, 99: 5, 41: 0, 112: 6, 287: 1, 61: 2, 59: 6, 348: 0, 396: 5, 118: 5, 225: 5, 122: 7, 261: 0, 46: 4, 136: 0, 171: 5, 377: 5, 422: 3, 96: 6, 167: 5, 194: 4, 266: 5, 147: 1, 416: 5, 17: 4, 30: 0, 26: 2, 62: 8, 20: 5, 101: 9, 36: 6, 45: 8, 13: 2, 200: 0, 184: 5, 44: 1, 270: 10, 305: 9, 311: 11, 243: 4, 313: 9, 337: 2, 124: 5, 108: 0, 254: 9, 256: 6, 97: 4, 368: 4, 259: 0, 283: 6, 286: 9, 257: 0, 81: 4, 83: 0, 42: 4, 106: 6, 233: 9, 43: 11, 273: 0, 163: 2, 402: 6, 439: 8, 319: 11, 100: 4, 453: 1, 301: 11, 407: 11, 155: 0, 240: 6, 312: 11, 442: 9, 183: 7, 262: 11, 308: 3, 430: 6, 219: 0, 70: 0, 52: 2, 33: 11, 40: 6, 149: 0, 129: 9, 51: 6, 138: 8, 212: 2, 322: 6, 351: 5, 365: 8, 426: 4, 318: 8, 121: 10, 117: 7, 93: 11, 364: 2, 391: 7, 168: 2, 267: 5, 406: 2, 182: 4, 179: 3, 34: 1, 67: 2, 87: 12, 39: 11, 72: 7, 107: 2, 268: 6, 310: 2, 234: 11, 397: 5, 161: 7, 443: 2, 224: 2, 288: 2, 325: 7, 250: 7, 303: 11, 356: 2, 217: 7, 276: 2, 150: 5, 207: 4, 237: 12, 8: 7, 10: 1, 6: 2, 7: 2, 180: 8, 358: 12, 370: 11, 326: 7, 323: 5, 431: 7, 398: 10, 211: 2, 60: 4, 206: 12, 153: 7, 247: 7, 235: 4, 410: 12, 189: 1, 334: 7, 186: 11, 277: 5, 165: 2, 389: 10, 88: 7, 139: 1, 53: 1, 342: 2, 170: 11, 158: 11, 272: 12, 384: 7, 432: 7, 221: 2, 299: 5, 216: 10, 143: 3, 105: 12, 238: 12, 284: 7, 142: 2, 264: 5, 12: 12, 25: 1, 116: 11, 371: 1, 278: 10, 162: 1, 15: 3, 195: 7, 405: 12, 14: 1, 125: 11, 71: 1, 399: 1, 242: 3, 23: 12, 307: 1, 102: 12, 91: 12, 120: 12, 400: 12, 90: 12, 172: 1, 19: 8, 37: 2, 104: 10, 174: 11, 248: 1, 265: 1, 75: 10, 375: 8, 192: 8, 300: 8, 21: 8, 95: 1, 374: 11, 148: 11, 98: 8, 63: 8, 131: 10, 289: 10, 18: 1, 9: 8, 24: 1, 16: 11, 185: 7, 329: 10, 166: 5, 38: 10, 376: 11, 320: 8, 123: 10, 392: 10, 413: 7, 352: 10, 269: 10, 109: 10, 132: 10, 245: 10, 330: 10, 347: 10, 226: 10, 160: 4, 187: 10, 210: 10, 395: 10, 11: 1, 154: 10, 198: 10, 363: 10, 173: 12, 22: 10, 252: 10, 47: 10, 5: 1})"
