4.0126190684680925,3.1,2.4,3.4,4.3,3.5,2.6,2.8,2.4,2.0,2.0,2.5,2.6,2.7,2.6,2.2,2.8,2.2,2.2,2.2,2.5,2.5,2.8,2.3,2.3,2.0,2.3,2.0,2.6,2.2,2.0,2.4,2.0,2.3,2.0,2.0,2.4,2.4,2.1,2.0,2.0,2.2,2.1,2.0,2.4,2.0,2.2,2.0,2.2,2.7,2.1,2.0,2.2,2.0,2.0,2.0,2.3,2.2,2.2,2.0,2.2,2.2,2.5,2.0,2.7,2.3,2.0,2.3,2.3,2.3,2.3,2.2,2.1,2.0,2.2,2.0,2.1,2.4,2.4,2.0,2.3,2.4,2.0,2.5,2.0,2.0,2.2,2.0,2.0,2.2,3.1,2.1,2.5,2.3,2.8,2.2,2.0,2.9,2.2,2.8,4.9,4.4,4.3,3.9,3.0,2.7,4.2,3.1,4.8,3.6,4.9,6.0,6.3,4.6,5.5,4.1,4.0,3.0,5.4,6.2,4.0,4.8,5.2,9.0,5.4,4.3,7.0,4.8,10.6,6.3,4.5,7.0,9.0,10.3,6.2,7.8,5.9,6.7,8.0,4.5,7.0,9.0,6.111111111111111,2.3333333333333335,2.5555555555555554,2.3333333333333335,2.0,3.6666666666666665,4.222222222222222,2.0,2.375,2.75,2.0,2.125,2.0,2.75,2.0,3.25,2.0,2.0,2.5,2.0,2.375,2.0,2.0,2.0,2.25,2.125,2.0,2.125,2.0,2.25,2.5,2.25,2.375,2.0,2.625,2.5,2.375,2.875,2.875,3.25,3.75,2.125,2.875,3.0,5.375,3.875,8.375,5.375,9.375,12.25,10.625,8.25,9.0,4.25,10.0,7.25,15.625,10.375,13.875,10.125,10.125,8.5,8.75,12.875,17.625,18.75,10.875,17.375,13.875,13.875,9.375,9.375,19.875,15.5,16.5,13.5,14.833333333333334,14.833333333333334,15.2,11.0,14.0,14.2,17.75,12.25,12.75,9.5,17.0,9.25,17.25,14.0,9.0,13.666666666666666,8.333333333333334,14.666666666666666,9.0,14.0,10.0,9.0,4.5,2.5,7.0,3.0,6.0,11.5,2.0,12.5,12.0,14.0,17.5,4.0,9.0,10.5,10.0,15.5,18.5,9.5,9.5,23.5,15.0,9.0,7.0,12.0,13.0,4.0,9.0,11.0,15.0,8.0,18.0,2.0,24.0,7.0,27.0,7.0,4.0,5.0,2.0,2.0,2.0,11.0,7.0,7.0,22.0
25.224874470791683,25.8,24.1,16.7,19.5,30.2,19.6,21.2,23.2,18.1,20.0,36.5,18.1,14.4,20.1,26.3,30.4,23.9,26.2,31.7,22.0,23.0,24.8,32.6,26.5,28.9,17.0,32.1,24.6,40.9,37.666666666666664,25.333333333333332,19.11111111111111,20.333333333333332,37.666666666666664,37.75,48.166666666666664,46.4,14.333333333333334,30.666666666666668,23.666666666666668,15.666666666666666,25.666666666666668,18.0,45.0,22.0,37.5,20.0,49.0,25.0,43.0,62.0,32.0,37.0,10.0,27.0,14.0,21.0,14.0,52.0
46.828440820270316,25.8,25.6,39.2,43.8,20.1,33.4,25.7,29.1,26.4,19.0,23.3,27.1,30.1,13.5,32.6,28.9,25.1,34.7,40.0,32.4,21.555555555555557,38.0,28.11111111111111,32.55555555555556,25.666666666666668,19.22222222222222,34.111111111111114,44.111111111111114,25.11111111111111,36.888888888888886,37.0,20.125,29.125,25.571428571428573,27.714285714285715,26.0,21.25,36.25,38.0,49.5,14.0,20.0
68.80512037002453,37.6,44.1,45.4,32.9,31.0,45.0,33.9,45.2,40.9,28.6,32.8,18.7,16.4,33.8,28.9,36.1,24.5,29.6,34.5,51.1,42.8,27.1,28.88888888888889,38.75,28.0,42.375,22.5,25.285714285714285,32.4,43.4,24.25,38.0,29.5,48.0,44.333333333333336,2.0,21.0
90.23710034992482,45.6,31.2,35.8,21.5,27.7,15.9,20.1,31.9,32.9,32.8,24.7,32.4,32.0,27.9,36.7,33.2,29.1,28.5,27.2,34.0,22.3,27.6,22.9,22.9,36.4,24.5,31.6,24.4,27.2,27.555555555555557,23.625,39.0,31.0,15.2,42.0,25.2,25.75,36.0,27.0,31.0
111.38594682033076,14.1,26.6,34.7,25.8,30.5,25.3,26.6,25.6,26.8,23.2,19.9,21.3,24.7,24.7,30.8,26.3,23.6,29.7,22.7,29.7,33.5,22.9,28.0,30.1,25.4,26.9,17.7,36.6,14.555555555555555,14.11111111111111,24.333333333333332,19.0,10.666666666666666,31.11111111111111,22.625,15.142857142857142,19.571428571428573,29.571428571428573,16.285714285714285,26.333333333333332,17.5,13.8,44.8,25.5,28.25,22.75,37.5,5.0,29.0,10.0,15.0,28.0,53.0
132.8396940205126,16.6,22.5,21.2,20.4,13.4,22.0,23.3,29.1,23.5,28.6,21.4,25.7,22.7,23.0,16.9,21.7,19.2,31.5,27.6,21.6,23.3,19.3,21.6,27.1,20.6,22.4,25.4,10.9,22.3,25.1,24.6,20.3,28.2,29.3,22.1,20.5,17.7,30.1,23.333333333333332,25.0,20.25,26.571428571428573,15.571428571428571,55.4,18.25,16.333333333333332,31.0,4.5,13.5,13.0,15.0,6.0,5.0,2.0,27.0,54.0
154.28972480701265,22.1,22.3,21.8,18.9,19.5,21.3,17.5,26.6,16.8,15.6,14.6,26.4,29.5,15.4,22.1,20.8,28.2,17.7,23.7,17.2,14.7,17.5,20.3,25.0,14.6,23.5,21.6,22.7,20.4,23.3,20.8,20.3,14.5,18.4,23.7,12.3,25.0,26.0,21.6,33.0,26.2,23.11111111111111,32.5,21.0,27.857142857142858,25.4,13.8,21.0,16.4,31.666666666666668,24.0,2.0,11.0,56.0,16.0
175.6563776719832,21.5,18.3,19.5,17.5,19.5,20.3,19.6,17.7,21.3,14.5,15.4,18.2,15.5,25.6,20.4,21.3,21.1,15.6,16.5,24.7,21.3,22.2,22.7,16.9,16.5,16.2,23.6,35.6,21.4,26.5,22.6,18.8,22.1,29.8,21.5,22.7,29.5,23.5,26.4,25.555555555555557,15.333333333333334,19.444444444444443,24.0,17.0,17.666666666666668,10.2,21.0,19.0,28.25,11.75,30.0,28.0,24.0,17.5,15.5,25.5,4.0,10.0,31.0,28.0,23.0
197.25168720968935,12.0,15.7,12.5,15.4,21.7,12.7,13.3,18.2,26.8,20.8,26.1,17.9,17.5,16.8,15.4,14.2,17.0,17.3,20.9,25.6,17.5,21.0,25.5,15.1,22.5,23.1,17.7,22.4,18.8,26.5,19.5,20.6,19.0,22.8,19.8,19.6,16.9,22.5,19.6,20.6,17.7,17.5,18.6,18.666666666666668,9.5,19.428571428571427,20.571428571428573,24.285714285714285,18.142857142857142,17.4,18.25,16.75,15.0,18.0,17.0,18.0,9.5,18.5,10.5,16.5,21.5,11.0,19.0,23.0,14.0,22.0,15.0,9.0,9.0,22.0,13.0,22.0,17.0,5.0,8.0,7.0,12.0,14.0,21.0,32.0,10.0,31.0,20.0,8.0,13.0,38.0,30.0,30.0,37.0
218.88576549510336,13.7,19.1,19.3,20.6,12.4,16.9,17.9,21.2,15.5,19.2,17.9,14.8,19.4,16.4,16.4,17.1,13.8,13.0,19.0,15.0,14.9,13.4,15.6,20.9,17.2,13.2,20.9,7.9,14.4,17.1,16.5,23.2,19.3,17.5,13.4,20.0,20.8,19.0,21.5,19.5,22.0,17.2,14.0,20.6,22.9,20.444444444444443,19.11111111111111,19.77777777777778,25.22222222222222,15.0,19.0,15.333333333333334,19.666666666666668,19.666666666666668,16.833333333333332,17.75,11.5,16.75,12.75,19.666666666666668,11.0,14.0,14.0,13.0,20.666666666666668,13.5,27.0,35.0,25.0,20.5,18.0,5.0,14.5,20.0,13.0,25.0,25.0
240.30005502925374,15.1,13.0,15.0,17.3,14.8,10.4,14.5,11.1,15.1,13.4,12.7,18.0,12.2,19.6,14.4,15.5,18.2,14.7,20.2,16.0,13.3,16.3,21.0,21.3,17.6,18.7,23.0,17.4,13.1,18.0,19.3,14.2,17.8,23.0,17.3,19.7,18.7,22.8,20.1,23.5,15.1,12.0,20.4,17.0,19.0,16.11111111111111,14.333333333333334,14.222222222222221,18.333333333333332,18.77777777777778,20.75,18.25,19.166666666666668,18.2,22.2,11.2,14.6,24.2,17.5,22.666666666666668,13.666666666666666,28.333333333333332,15.0,3.0,3.0,3.0,4.0,4.0,35.0,22.0,10.0,5.0,3.0,4.0,2.0,20.0,8.0,42.0,4.0,14.0,4.0,8.0,23.0,10.0,15.0,2.0,40.0,20.0,23.0,24.0,32.0,15.0,11.0,22.0,5.0,23.0,4.0,4.0,21.0,3.0,4.0,11.0,7.0,12.0,2.0,8.0,10.0,14.0,3.0,39.0,3.0,4.0,30.0,4.0
261.7367901755371,17.4,15.5,14.4,19.4,11.1,16.8,17.4,19.0,17.4,16.5,13.6,14.4,10.2,16.3,13.1,17.7,15.1,14.1,9.6,13.4,14.3,18.5,14.4,14.1,15.1,17.5,14.2,8.4,16.4,14.3,12.4,10.2,13.1,13.7,14.4,12.3,13.7,16.8,19.0,16.1,16.7,19.9,15.2,18.5,15.9,18.4,9.3,13.9,12.1,15.9,15.8,10.1,16.4,17.5,13.2,12.4,14.444444444444445,11.0,12.222222222222221,18.666666666666668,9.11111111111111,11.25,12.142857142857142,15.333333333333334,16.2,12.666666666666666,8.666666666666666,9.333333333333334,12.666666666666666,7.333333333333333,12.333333333333334,12.0,6.5,28.5,19.5,20.5,24.0,11.0,25.5,25.5,24.5,16.0,26.0,9.0,33.0,24.0,11.0,22.0
283.3788995041188,18.7,14.6,13.0,14.8,10.6,10.5,8.4,13.2,17.3,11.7,11.8,16.1,14.5,13.8,11.2,17.9,12.6,16.6,10.9,18.1,14.2,10.7,17.9,16.8,14.8,16.5,12.7,14.9,15.3,14.9,14.1,21.0,15.2,8.7,12.4,13.5,14.3,16.2,12.9,11.6,15.0,11.9,14.5,14.7,14.2,12.9,16.3,11.2,14.5,13.0,18.11111111111111,16.444444444444443,17.0,11.125,14.75,22.75,15.0,14.5,14.428571428571429,8.0,13.166666666666666,12.666666666666666,9.0,10.0,8.0,9.2,13.2,14.0,20.2,16.8,11.2,14.4,8.4,21.4,22.25,3.3333333333333335,18.0,10.333333333333334,17.333333333333332,17.0,18.0,11.333333333333334,18.666666666666668,20.333333333333332,11.333333333333334,9.333333333333334,12.0,15.333333333333334,17.0,9.666666666666666,19.666666666666668,20.666666666666668,13.5,8.0,10.0,8.0,8.0,7.0,17.0
304.7794330340495,11.7,14.8,17.8,14.6,13.1,17.9,11.1,16.2,14.4,13.7,14.3,14.1,16.4,15.3,14.2,14.6,17.9,11.6,23.6,17.8,12.9,13.3,20.7,12.8,13.0,19.7,14.0,18.3,13.9,17.1,15.9,16.3,17.1,17.2,15.2,10.2,18.6,19.5,17.9,22.1,7.7,7.4,14.7,18.5,16.8,14.0,14.7,15.1,15.6,13.6,13.1,13.222222222222221,11.222222222222221,16.22222222222222,14.444444444444445,21.375,18.625,24.0,9.285714285714286,21.0,21.571428571428573,17.333333333333332,12.2,5.2,14.2,8.0,16.75,7.0,9.0,20.5,13.5,13.5,33.0,13.0,3.0,11.0,4.0,24.0,3.0,30.0,17.0,31.0,17.0,39.0,9.0,33.0,16.0,32.0,16.0,4.0,4.0,16.0,17.0,14.0,2.0,8.0,4.0,4.0,5.0,41.0
326.77456803258826,14.6,17.1,13.8,19.9,12.4,10.3,15.0,12.8,13.0,11.3,17.4,13.5,10.9,10.9,13.6,15.0,12.2,12.3,14.3,12.1,11.5,19.3,10.5,13.5,16.7,15.1,10.4,10.0,15.8,13.6,12.0,14.3,14.6,9.5,16.9,13.3,17.8,12.4,10.5,12.1,13.5,21.7,16.8,15.0,18.6,13.3,13.9,11.777777777777779,18.555555555555557,13.444444444444445,12.88888888888889,12.333333333333334,17.11111111111111,19.11111111111111,10.11111111111111,13.444444444444445,18.88888888888889,13.666666666666666,11.0,13.0,15.11111111111111,18.444444444444443,16.77777777777778,13.714285714285714,6.8,12.2,20.6,9.2,18.0,13.25,11.5,9.25,14.0,14.0,15.25,6.25,21.25,7.75,9.0,10.75,21.25,10.5,6.5,12.0,18.5,13.333333333333334,12.0,16.0,17.0,2.0,5.0,5.0,8.0,5.0,5.0,16.0,5.0
348.5326218435644,10.2,10.2,10.6,13.9,11.6,17.2,13.5,14.6,12.4,12.1,14.3,9.6,15.7,14.3,9.1,15.5,16.1,16.2,11.6,16.7,14.7,15.9,15.4,13.0,12.6,16.5,17.8,13.5,13.8,11.8,16.5,12.9,13.0,14.5,14.8,15.9,15.2,15.0,13.3,15.1,12.2,17.5,8.9,14.2,13.5,17.1,14.1,13.2,14.444444444444445,15.444444444444445,12.375,7.0,13.75,15.25,11.625,12.125,13.375,15.75,10.857142857142858,14.0,13.428571428571429,9.571428571428571,12.714285714285714,13.285714285714286,13.0,12.571428571428571,13.0,12.714285714285714,13.0,16.285714285714285,10.2,13.8,12.4,13.2,9.8,11.2,10.2,13.0,12.75,9.5,12.25,12.0,11.75,11.25,15.333333333333334,17.0,12.666666666666666,5.0,6.0,9.0,15.0,8.5,10.0,12.5,18.5,15.0,13.0,6.0,22.0,7.0,5.0,22.0,2.0,10.0,25.0,15.0,10.0,15.0,4.0,10.0
370.03126743643577,12.4,14.1,15.1,15.2,14.7,13.0,10.6,18.5,10.0,11.4,14.8,11.4,15.9,14.4,16.4,18.4,10.4,12.2,13.4,15.8,12.9,15.5,17.4,10.9,13.8,16.6,12.9,16.0,11.3,14.7,18.1,12.8,17.1,20.0,15.8,15.8,18.4,17.2,14.3,15.0,12.5,12.1,16.1,11.3,15.9,17.8,16.6,12.8,16.1,12.4,19.5,12.375,13.75,12.428571428571429,14.714285714285714,15.714285714285714,12.428571428571429,13.0,15.714285714285714,13.285714285714286,15.142857142857142,19.428571428571427,11.428571428571429,14.2,12.4,13.6,10.2,11.8,19.0,12.25,11.5,12.0,12.333333333333334,10.666666666666666,13.0,7.0,10.0,16.0,15.333333333333334,14.666666666666666,14.0,13.5,11.0,18.0,6.5,15.5,4.0,9.5,5.0,14.5,14.5,13.0,10.0,16.0,16.5,8.5,5.0,10.0,12.0,12.0,9.5,9.5,3.0,11.5,6.5,13.5,13.5,12.5,12.0
391.5641174697497,11.2,12.6,12.4,10.8,11.1,12.7,13.2,10.3,10.9,12.0,13.3,14.9,10.7,10.0,9.6,12.9,12.8,10.4,12.7,12.5,8.4,13.5,13.4,12.5,12.1,16.1,12.3,10.2,12.8,16.7,11.4,16.2,9.6,11.2,10.7,11.8,11.4,11.9,9.7,13.5,12.0,14.6,14.0,15.9,10.4,15.0,14.3,15.3,14.3,12.1,10.8,12.0,14.1,14.0,13.7,14.4,12.9,12.0,17.1,8.5,11.5,12.8,11.8,12.8,12.5,14.3,10.4,10.1,14.2,16.11111111111111,13.25,12.125,13.875,11.166666666666666,14.333333333333334,15.166666666666666,11.833333333333334,9.2,7.0,13.8,19.0,10.666666666666666,12.0,15.666666666666666,20.0,9.333333333333334,14.0,13.333333333333334,8.333333333333334,12.5,5.0,2.0,5.0,2.0,5.0,23.0,24.0,24.0,5.0,15.0,23.0,19.0
413.07852822732985,10.8,10.4,7.6,10.3,11.1,9.1,8.8,10.6,9.3,10.0,8.3,14.3,9.2,9.4,11.1,13.1,10.3,12.8,10.7,13.2,12.3,13.5,14.2,15.3,13.9,14.2,13.8,14.5,13.8,14.2,10.5,12.8,15.4,11.9,12.4,12.6,15.7,14.4,16.2,11.5,16.2,10.4,14.4,13.5,12.6,10.2,12.2,14.6,13.5,14.6,11.5,16.4,11.5,13.9,10.8,12.4,12.2,12.7,18.3,11.88888888888889,10.777777777777779,9.125,15.5,12.125,13.625,8.875,11.125,13.0,10.428571428571429,8.142857142857142,8.142857142857142,11.428571428571429,15.857142857142858,15.857142857142858,10.4,9.8,18.5,11.666666666666666,12.666666666666666,8.333333333333334,7.0,7.333333333333333,13.333333333333334,8.666666666666666,16.0,8.666666666666666,10.5,11.0,12.0,7.5,2.0,10.5,4.5,8.5,8.5,12.5,8.5,14.0,12.0,9.5,15.0,16.0,6.5,11.5,13.0,10.5,4.0,12.0,12.0,14.0,8.5,18.0,6.0,15.0,13.5,11.5,17.0,13.5,18.0,13.5,9.5,9.0,11.5,12.0,17.0,17.0,12.0,3.0,18.0,9.0,13.0,4.0,19.0,12.0
434.4568643116196,8.4,11.2,13.5,11.0,10.3,10.2,11.3,10.4,11.8,12.9,9.5,10.0,12.1,13.7,11.4,11.4,10.7,13.1,11.4,12.5,11.7,9.5,13.6,13.9,12.3,10.9,10.4,10.5,11.3,10.8,13.3,10.5,13.3,9.9,13.8,9.7,10.0,11.5,9.8,12.1,8.9,11.0,14.3,13.9,11.3,15.5,11.8,14.4,14.4,14.8,8.7,10.4,9.8,14.4,9.8,14.2,13.9,8.6,9.7,11.1,13.8,12.7,11.4,9.6,14.555555555555555,7.25,10.857142857142858,6.833333333333333,4.833333333333333,9.333333333333334,11.0,8.833333333333334,5.333333333333333,7.5,8.833333333333334,8.0,8.8,9.2,13.0,8.6,10.25,10.333333333333334,11.0,8.333333333333334,9.333333333333334,5.0,11.0,4.0,7.0,9.666666666666666,13.666666666666666,8.0,8.333333333333334,5.0,11.666666666666666,10.0,12.666666666666666,16.0,9.0,12.0,14.0,10.333333333333334,15.666666666666666,7.333333333333333,9.333333333333334,15.0,15.333333333333334,14.0,8.0,10.0,8.0,10.5,2.0,9.5,12.0,11.0,9.5,6.5,5.0,4.5,8.5,13.5,10.0,12.0,7.0,8.0,12.5,11.5,13.0,9.0,12.0,8.5,7.0,8.5,12.5,6.0,13.5,11.0,11.0,9.5,14.0,4.0,2.0,3.0,3.0,3.0,5.0,3.0,3.0,3.0,3.0,3.0,3.0,3.0,3.0,3.0,3.0,4.0,3.0,3.0,3.0,3.0,4.0,3.0,3.0,3.0,7.0,3.0,4.0,4.0,4.0,2.0,7.0,3.0,3.0,4.0,5.0,3.0,5.0,4.0,2.0,3.0,3.0,4.0,6.0,3.0,3.0,7.0,2.0,5.0,6.0,3.0,3.0,3.0,3.0,3.0,7.0,4.0,3.0,6.0,3.0,3.0,3.0,4.0,2.0,3.0,3.0,7.0,3.0,3.0,5.0
455.742830002549,11.0,7.6,13.4,14.0,9.3,9.4,11.8,10.2,9.3,10.1,10.9,7.8,9.4,10.4,12.2,11.1,11.5,10.0,8.6,11.5,13.3,8.3,9.4,11.6,9.0,7.7,11.5,10.0,11.1,9.8,10.9,15.1,13.7,12.7,9.4,13.2,9.6,13.1,11.3,13.6,13.0,8.4,9.8,11.7,12.2,8.9,8.2,12.4,10.5,12.2,10.3,11.7,13.2,14.8,13.6,10.6,13.0,11.0,9.125,11.125,8.125,6.625,9.375,12.75,7.75,12.625,6.0,9.142857142857142,7.285714285714286,7.857142857142857,13.285714285714286,5.714285714285714,8.571428571428571,10.857142857142858,9.714285714285714,8.666666666666666,10.833333333333334,13.0,8.833333333333334,10.0,8.8,13.8,11.4,11.8,11.6,10.6,8.6,11.2,11.2,11.8,12.6,11.0,9.4,16.4,16.8,3.0,12.5,8.5,7.25,11.666666666666666,9.666666666666666,5.333333333333333,7.666666666666667,5.333333333333333,9.666666666666666,13.333333333333334,16.333333333333332,8.666666666666666,9.0,10.666666666666666,16.666666666666668,9.0,4.666666666666667,10.666666666666666,12.333333333333334,7.0,15.0,11.0,7.0,14.666666666666666,9.5,13.5,10.5,13.0,13.5,3.0,4.0,4.0,6.0,6.0,4.0,4.0,6.0,3.0,9.0,6.0,4.0,4.0,6.0,4.0,4.0,2.0,2.0,9.0,4.0,8.0,9.0,7.0,4.0,7.0,4.0,8.0,9.0,9.0,7.0,13.0,6.0,14.0,10.0,10.0,9.0,15.0,14.0,14.0,7.0,10.0,9.0,14.0,15.0,5.0,13.0,13.0,14.0,14.0,10.0,16.0,14.0,10.0,15.0,2.0,16.0
477.25865547593287,8.5,12.3,13.7,11.8,14.3,11.9,13.2,12.1,14.5,9.7,13.1,12.2,8.4,13.3,9.2,11.9,10.3,10.5,10.3,11.1,13.1,14.9,11.3,10.5,9.0,13.5,11.9,9.7,12.5,12.4,10.1,7.8,11.8,13.0,10.4,10.7,14.1,11.1,9.0,11.9,12.5,10.4,14.9,13.3,12.9,15.1,10.5,11.5,6.7,10.7,9.2,9.9,9.9,12.2,11.7,12.4,14.2,11.9,14.4,9.7,14.2,16.7,13.7,12.2,15.4,14.666666666666666,15.777777777777779,15.555555555555555,11.0,12.5,10.375,11.0,13.625,12.375,11.666666666666666,12.833333333333334,12.666666666666666,12.5,18.333333333333332,12.833333333333334,12.666666666666666,10.0,7.25,18.5,14.75,12.0,12.5,12.5,12.0,6.333333333333333,16.0,11.666666666666666,20.666666666666668,10.666666666666666,19.0,18.666666666666668,10.5,9.0,10.0,8.0,19.0,19.0,7.0,14.0,12.0,21.0
498.5573914482112,11.3,11.2,10.4,10.9,12.4,10.1,11.2,9.7,9.8,8.6,8.6,11.4,13.8,10.5,14.7,11.3,14.7,9.9,13.0,13.0,12.1,12.2,13.2,11.5,12.3,10.5,12.2,14.0,16.0,10.7,11.8,11.5,11.1,12.4,9.7,12.1,10.7,14.3,12.2,8.5,12.2,13.1,12.3,13.6,12.0,11.1,9.5,13.8,14.1,12.1,12.6,10.4,13.0,9.6,13.3,7.9,13.88888888888889,14.88888888888889,14.222222222222221,12.444444444444445,11.555555555555555,8.444444444444445,9.555555555555555,13.333333333333334,8.5,14.375,12.571428571428571,11.857142857142858,13.428571428571429,9.571428571428571,14.142857142857142,13.0,11.285714285714286,7.333333333333333,8.5,11.0,9.0,9.8,10.2,9.0,6.5,8.0,10.0,9.333333333333334,7.666666666666667,10.333333333333334,5.666666666666667,9.333333333333334,6.666666666666667,8.0,7.333333333333333,8.0,10.666666666666666,9.666666666666666,3.3333333333333335,8.0,9.0,11.0,10.666666666666666,6.0,6.333333333333333,9.0,9.666666666666666,5.666666666666667,8.0,8.666666666666666,8.0,10.0,9.666666666666666,4.0,4.5,4.0,4.0,4.0,4.0,4.5,4.0,4.0,4.5,7.0,4.0,5.0,4.0,4.0,4.0,7.5,6.5,4.0,4.0,3.5,4.5,5.0,4.0,4.0,6.5,4.0,4.0,4.0,3.0,6.0,4.0,2.0,3.0,3.0,3.0,3.0,4.0,3.0,3.0,3.0,3.0,3.0,2.0,3.0,4.0,4.0,6.0,3.0,3.0,2.0,5.0,3.0,3.0,2.0,3.0,4.0,3.0,3.0,3.0,2.0,2.0,3.0,3.0,3.0,3.0,3.0,2.0,4.0,4.0,2.0,2.0,2.0,4.0,2.0,2.0,2.0,2.0,2.0,2.0,2.0,2.0,2.0,2.0,2.0,2.0,2.0,2.0,2.0,3.0,2.0,2.0,2.0,3.0,3.0,2.0,4.0,3.0,8.0,2.0,2.0,4.0,2.0,6.0,2.0,4.0,3.0,2.0,3.0,2.0,4.0,3.0,4.0,3.0,2.0,3.0,3.0,3.0,4.0,3.0,4.0,3.0,3.0,2.0,3.0,2.0,4.0,3.0,4.0,3.0,3.0,3.0,2.0,9.0,3.0,3.0,2.0,9.0,2.0,2.0,4.0,2.0,3.0,3.0,4.0,3.0,2.0,2.0,2.0,2.0,2.0,4.0,2.0,2.0,14.0,2.0,2.0,6.0,2.0,4.0,2.0,2.0,2.0,17.0,9.0,2.0,2.0,10.0,2.0,4.0,9.0,9.0,2.0,2.0,14.0,5.0,16.0,16.0
519.5468646561482,9.1,8.6,8.2,11.6,10.0,8.3,9.6,8.7,13.4,11.5,11.0,10.4,11.7,11.1,12.9,12.0,9.1,10.8,10.8,8.8,10.9,10.1,12.5,8.6,8.6,10.1,13.1,13.1,11.2,12.3,10.9,10.7,8.1,10.0,11.0,12.6,11.0,11.4,10.1,13.6,11.4,9.1,10.4,11.6,9.1,11.2,11.4,11.1,8.8,10.2,13.8,6.4,8.3,9.5,11.9,13.9,11.3,12.1,8.9,10.8,10.3,10.4,12.8,11.11111111111111,13.555555555555555,9.375,11.125,10.0,11.875,7.428571428571429,9.142857142857142,8.428571428571429,9.857142857142858,12.571428571428571,9.285714285714286,12.142857142857142,10.428571428571429,11.857142857142858,9.833333333333334,13.5,9.333333333333334,10.166666666666666,14.166666666666666,9.5,8.25,12.5,7.0,8.333333333333334,7.666666666666667,5.666666666666667,8.333333333333334,8.333333333333334,7.666666666666667,7.0,4.333333333333333,5.666666666666667,6.0,3.3333333333333335,5.666666666666667,5.0,7.0,9.0,7.333333333333333,3.3333333333333335,6.0,5.333333333333333,4.333333333333333,7.0,5.0,9.333333333333334,6.0,8.0,6.333333333333333,5.0,7.0,7.333333333333333,4.333333333333333,9.333333333333334,5.0,3.0,4.0,3.0,3.0,3.0,4.0,4.0,3.0,3.0,3.0,3.0,3.0,3.0,3.0,3.0,3.0,4.0,3.0,2.5,3.0,3.0,3.0,4.5,3.0,3.0,3.0,7.0,3.0,5.0,3.0,3.0,3.0,3.0,3.0,4.0,2.5,3.0,4.0,3.0,9.0,3.0,3.0,3.0,4.0,2.0,3.0,3.0,3.0,4.0,7.5,2.5,3.0,3.0,4.0,4.0,3.0,3.0,9.0,4.0,5.0,3.0,9.0,7.0,4.0,3.0,9.0,3.0,8.0,8.5,8.0,7.0,12.5,10.0,2.0,2.0,4.0,2.0,4.0,4.0,2.0,4.0,7.0,4.0,4.0,4.0,2.0,8.0,4.0,4.0,4.0,7.0,4.0,5.0,9.0,4.0,5.0,5.0,4.0,4.0,8.0,5.0,5.0,4.0,4.0,2.0,4.0,5.0,4.0,8.0,4.0,5.0,9.0,13.0,7.0,6.0,7.0,13.0,4.0,4.0,9.0,7.0,11.0,8.0,4.0,5.0,13.0,2.0,4.0,5.0,5.0,4.0,14.0,4.0,7.0,4.0,14.0,5.0,4.0,7.0,4.0,4.0,4.0,4.0,4.0,4.0,5.0,4.0,5.0,7.0,4.0,4.0,4.0,4.0,4.0,4.0,4.0,9.0,5.0,2.0,4.0
541.1141667182687,10.1,13.5,12.5,16.3,12.1,11.5,14.0,9.9,11.8,12.8,10.1,14.9,13.1,15.1,16.4,12.5,15.7,13.6,9.8,12.3,12.9,12.7,15.7,14.9,14.5,10.5,14.3,13.1,11.4,10.4,11.4,14.3,15.5,13.3,13.0,12.6,15.5,12.5,10.4,14.0,14.3,14.5,14.5,13.1,15.7,11.7,12.8,10.7,11.2,11.9,14.8,15.2,14.5,13.7,13.9,13.0,12.2,9.4,16.2,15.0,11.4,12.2,13.1,16.1,16.555555555555557,12.875,14.857142857142858,15.666666666666666,10.833333333333334,17.166666666666668,12.5,11.333333333333334,12.166666666666666,15.0,14.75,8.25,14.75,15.5,20.5,8.25,16.5,16.0,9.0,11.0,12.5,16.5,21.0,16.0,18.0,4.0,16.0,30.0,15.0,13.0,12.0
562.4582199073716,12.4,12.6,12.6,10.8,11.3,11.6,11.4,12.4,9.5,9.0,7.8,10.9,9.7,11.3,10.2,11.3,11.8,10.1,8.6,9.5,9.0,12.1,11.6,7.3,13.7,9.6,12.6,10.1,7.4,12.2,10.0,10.8,11.6,8.0,10.4,11.5,14.4,9.9,15.1,11.3,11.0,13.1,9.8,8.5,15.3,14.2,13.3,12.3,10.6,12.3,12.1,12.9,9.9,11.8,10.3,10.5,11.3,14.6,13.2,12.4,14.5,12.6,11.88888888888889,13.333333333333334,11.88888888888889,15.666666666666666,15.125,13.375,11.714285714285714,10.714285714285714,11.714285714285714,10.714285714285714,18.857142857142858,12.857142857142858,11.857142857142858,9.571428571428571,13.857142857142858,11.571428571428571,14.833333333333334,15.666666666666666,8.833333333333334,11.833333333333334,6.666666666666667,8.4,12.4,13.8,11.0,11.666666666666666,11.666666666666666,9.0,2.0,3.5,3.5,4.5,3.0,7.5,7.5,8.5,9.0,10.0,7.0,3.5,6.0,9.5,9.0,6.5,3.5,5.0,13.5,6.5,4.0,7.5,3.5,3.5,4.0,7.5,4.0,3.5,4.0,2.0,10.0,2.0,3.5,2.0,2.0,4.0,2.0,2.0,2.0,2.0,2.0,2.0,2.0,2.0,2.0,4.0,2.0,2.0,2.0,3.5,2.0,2.0,3.5,2.0,6.5,2.0,2.0,2.0,2.0,3.5,2.0,2.0,2.0,2.0,2.0,2.0,3.5,2.0,2.0,3.5,3.5,3.5,3.0,2.0,3.5,2.0,3.5,2.0,2.0,2.0,2.0,4.0,2.0,2.0,2.0,2.0,2.0,2.0,2.0,6.0,7.0,2.0,6.0,4.0,2.0,9.0,2.0,6.0,2.0,6.0,4.0,2.0,5.0,4.0,5.0,4.0,4.0,4.0,6.0,4.0,4.0,2.0,4.0,2.0,2.0,2.0,2.0,4.0,11.0,4.0,4.0,2.0,2.0,7.0,4.0,2.0,4.0,4.0,2.0,5.0,4.0,19.0,4.0,2.0,2.0,2.0,2.0,4.0,4.0,2.0,4.0,2.0,2.0,2.0,4.0,2.0,2.0,2.0,4.0,4.0,4.0,2.0
583.6940272297845,8.0,8.4,8.0,9.9,12.3,9.5,7.2,6.8,10.6,7.2,6.3,11.6,6.7,8.4,9.5,7.9,10.1,11.2,8.8,9.1,7.7,10.9,9.4,8.0,10.2,7.6,10.4,7.9,7.1,10.5,9.0,10.0,10.1,10.0,11.9,9.0,5.7,9.7,8.7,9.5,9.3,9.8,10.7,7.7,10.0,10.4,6.5,11.3,8.8,8.4,9.9,10.6,7.9,11.0,9.5,8.1,12.4,7.8,12.3,5.6,10.1,11.1,11.3,9.0,9.7,9.9,9.3,9.7,8.0,9.11111111111111,8.222222222222221,5.555555555555555,9.11111111111111,10.222222222222221,7.0,10.25,5.428571428571429,11.571428571428571,5.5,6.0,8.166666666666666,6.166666666666667,6.166666666666667,7.333333333333333,4.0,7.4,5.8,6.8,5.8,4.6,6.6,7.0,6.25,3.75,5.25,5.25,6.0,3.75,5.75,5.0,5.5,4.5,11.75,3.25,6.0,5.0,6.0,6.75,5.0,5.5,4.0,4.25,5.0,3.75,4.5,3.25,4.75,3.0,5.25,3.75,3.75,5.0,2.75,4.75,3.0,6.0,5.25,6.75,5.75,4.5,4.25,3.25,4.0,7.75,9.75,5.75,7.75,7.5,5.25,6.75,5.0,6.5,8.5,6.5,3.0,8.75,9.25,9.25,8.25,7.5,6.0,6.0,4.25,9.5,8.5,5.25,5.0,7.75,7.0,8.25,5.25,4.5,6.5,7.0,10.75,7.25,11.25,8.5,10.0,7.0,10.0,10.666666666666666,8.0,5.333333333333333,5.666666666666667,5.5,3.5,2.5,3.5,14.5,14.0,4.0,3.5,9.0,2.0,7.0,7.0,3.5,3.5,3.5,5.0,7.0,2.0,5.0,2.0,10.0,2.0,2.0,2.0,2.0,2.0,4.0,4.0,2.0,2.0,4.0,4.0,4.0,7.0,4.0,4.0,2.0,7.0,4.0,4.0,2.0,2.0,2.0,2.0,4.0,4.0,2.0,4.0,2.0,6.0,2.0,5.0,14.0,8.0,6.0,4.0,2.0,4.0,2.0,24.0,2.0,8.0,7.0,10.0,13.0,13.0,24.0,8.0,21.0,8.0,7.0,12.0,16.0,16.0,2.0,13.0,18.0,19.0
604.7867635982748,12.3,11.3,10.8,11.3,11.4,12.8,11.0,11.7,8.1,10.5,12.6,13.6,9.6,14.6,11.7,12.9,14.7,11.7,12.8,9.2,12.6,12.5,12.0,14.2,15.0,10.5,11.1,8.8,13.2,11.8,10.9,11.4,13.3,12.5,11.7,10.4,13.2,14.2,12.8,11.2,14.3,13.4,11.6,12.3,12.8,12.1,13.9,13.2,12.5,12.7,10.4,11.4,10.2,12.1,12.8,9.8,10.8,13.2,9.2,11.0,13.4,11.4,14.3,9.1,13.1,12.0,10.555555555555555,13.11111111111111,10.777777777777779,11.0,13.333333333333334,8.571428571428571,8.0,14.714285714285714,12.0,10.0,8.25,8.25,4.333333333333333,7.333333333333333,7.666666666666667,10.333333333333334,8.666666666666666,10.0,7.0,6.0,10.0,5.0,9.0,7.0,5.333333333333333,9.666666666666666,8.0,7.666666666666667,9.666666666666666,6.333333333333333,8.0,6.666666666666667,7.0,8.666666666666666,9.333333333333334,5.333333333333333,7.666666666666667,5.666666666666667,7.0,7.333333333333333,6.666666666666667,9.0,8.0,7.5,3.5,2.0,2.0,2.0,5.5,4.0,7.0,5.0,3.5,7.0,4.5,3.5,8.5,7.5,5.0,3.0,3.5,3.5,2.0,2.0,3.0,2.0,2.0,2.0,2.0,2.0,2.0,2.0,2.0,2.0,2.0,2.0,2.0,2.0,2.0,2.0,2.0,2.0,2.0,2.0,2.0,2.0,2.0,3.0,2.0,2.0,2.0,2.0,2.0,2.0,4.0,2.0,2.0,2.0,2.0,2.0,2.0,2.0,2.0,2.0,2.0,2.0,2.0,2.0,5.0,2.0,2.0,2.0,2.0,2.0,2.0,2.0,9.0,2.0,2.0,2.0,2.0,2.0,2.0,2.0,2.0,2.0,2.0,2.0,2.0,2.0,2.0,3.0,2.0,9.0,2.0,8.0,4.0,4.0,4.0,4.0,4.0,4.0,4.0,4.0,4.0,4.0,4.0,4.0,4.0,4.0,4.0,4.0,4.0,4.0,2.0,4.0,2.0,4.0,4.0,4.0,4.0,7.0,12.0,4.0,4.0,2.0,2.0,4.0,4.0,4.0,4.0,4.0,4.0,4.0,4.0,4.0,6.0,2.0,4.0,4.0,4.0,4.0,4.0,4.0,5.0,2.0,9.0
625.8171624140804,7.9,7.9,8.0,6.5,10.0,8.0,9.7,8.9,7.6,7.7,9.3,8.8,7.4,7.7,7.4,8.6,7.7,7.0,7.9,8.5,7.5,9.2,7.2,8.8,7.6,7.1,8.0,7.6,7.9,5.8,8.8,9.6,7.0,9.8,7.2,8.3,8.7,7.6,8.9,8.6,8.0,9.3,11.1,9.8,7.2,10.1,10.4,9.4,9.1,8.5,9.6,10.7,8.3,7.8,7.1,9.4,7.2,9.0,8.6,10.4,9.8,9.7,8.2,8.3,10.9,9.1,8.5,7.0,10.1,9.6,8.6,9.6,9.666666666666666,8.333333333333334,8.555555555555555,8.375,10.125,6.857142857142857,6.714285714285714,8.142857142857142,8.285714285714286,11.142857142857142,9.0,6.833333333333333,7.333333333333333,8.0,4.5,7.333333333333333,5.833333333333333,5.666666666666667,6.5,6.666666666666667,4.666666666666667,6.0,5.333333333333333,5.0,7.0,6.2,7.0,5.0,6.4,6.6,5.2,7.8,6.0,7.0,7.2,4.8,7.6,5.4,6.8,7.6,6.2,6.8,5.6,7.2,10.2,6.8,8.4,6.4,8.2,7.2,8.2,9.6,6.8,4.2,7.2,8.4,8.0,9.8,8.2,11.0,8.4,6.0,10.0,7.25,5.0,7.0,5.333333333333333,6.0,6.333333333333333,6.333333333333333,6.666666666666667,6.333333333333333,5.666666666666667,7.0,6.333333333333333,7.0,6.666666666666667,3.0,6.333333333333333,6.0,3.3333333333333335,7.0,6.666666666666667,6.0,3.6666666666666665,6.0,6.666666666666667,7.333333333333333,4.0,3.5,3.5,3.5,3.5,3.0,5.5,7.5,9.5,11.5,4.0,11.0,3.5,10.5,5.5,3.0,4.5,7.5,3.5,10.0,10.5,10.0,7.5,9.5,10.0,4.5,9.5,6.5,7.0,10.0,5.0,7.5,4.0,4.0,4.0,3.0,3.0,4.0,3.0,2.0,4.0,5.0,4.0,3.0,3.0,3.0,3.0,4.0,4.0,4.0,3.0,3.0,3.0,3.0,3.0,3.0,4.0,3.0,8.0,3.0,5.0,3.0,3.0,3.0,3.0,3.0,3.0,5.0,4.0,3.0,6.0,3.0,2.0,3.0,3.0,4.0,2.0,4.0,4.0,4.0,4.0,4.0,3.0,4.0,12.0,4.0,4.0,4.0,6.0,6.0,5.0,5.0,6.0,4.0,6.0,4.0,4.0,6.0,6.0,5.0,10.0,6.0,6.0,10.0,5.0,5.0,5.0,6.0,6.0,4.0,9.0,5.0,6.0,2.0,6.0,4.0,13.0
647.0138517883671,10.8,12.4,13.1,13.4,11.5,12.6,13.9,10.1,13.3,12.7,13.5,11.8,12.2,13.6,14.2,13.1,10.3,16.7,10.3,10.3,12.1,12.8,14.4,14.1,12.4,12.4,14.0,14.1,11.6,9.8,12.4,13.5,16.8,13.9,12.7,14.0,10.4,11.8,15.3,15.2,9.9,14.4,15.4,13.3,11.2,13.5,12.1,17.3,16.7,13.0,10.6,12.3,14.6,15.7,11.8,16.8,16.4,13.8,11.9,14.2,12.6,16.1,13.1,13.6,12.11111111111111,12.142857142857142,10.857142857142858,15.571428571428571,13.571428571428571,12.666666666666666,12.166666666666666,9.0,12.6,9.5,13.25,10.5,8.0,11.25,9.5,7.75,13.25,9.75,9.666666666666666,8.333333333333334,10.666666666666666,9.333333333333334,9.0,14.0,14.5,10.0,13.0,10.5,16.5,14.0,9.5,9.5,10.5,8.5,6.0,6.0,6.0,6.0,4.0,2.0,6.0,5.0,6.0,19.0,5.0,6.0,6.0,5.0,6.0,6.0,10.0
668.3320026052661,11.9,10.6,10.1,9.7,12.6,12.0,13.1,10.8,10.3,9.2,12.6,9.2,9.1,9.9,9.5,8.4,12.7,11.4,7.3,11.2,11.3,12.3,9.2,13.9,9.3,10.7,12.6,11.9,12.1,7.8,10.9,13.2,9.6,9.3,10.9,11.1,10.7,10.7,11.0,9.7,11.2,12.5,9.5,12.4,12.6,8.9,11.0,11.3,9.2,10.8,8.8,7.4,11.0,9.9,7.4,12.2,7.8,8.333333333333334,9.555555555555555,11.222222222222221,11.0,9.333333333333334,10.11111111111111,8.222222222222221,10.0,6.0,8.0,6.888888888888889,10.875,8.25,10.75,9.625,8.125,9.0,7.125,6.142857142857143,5.857142857142857,10.142857142857142,7.0,7.333333333333333,7.333333333333333,6.666666666666667,8.0,7.4,4.4,6.0,7.6,7.8,4.6,8.6,3.8,7.6,4.0,6.4,7.6,5.8,5.0,6.2,5.2,6.2,10.2,7.25,6.75,6.25,7.25,6.75,4.0,6.75,8.0,6.5,7.25,3.25,5.5,3.0,5.666666666666667,7.0,7.0,7.333333333333333,3.3333333333333335,6.666666666666667,7.0,5.666666666666667,8.666666666666666,6.0,2.5,2.0,2.5,4.0,6.0,4.0,2.5,6.0,4.0,2.5,4.0,2.5,4.0,2.0,5.0,4.0,2.5,3.5,4.0,4.5,7.0,2.5,5.5,4.5,2.5,5.0,2.0,4.0,4.5,4.0,3.0,4.0,2.5,2.5,2.5,2.5,4.5,3.0,2.5,3.0,4.0,3.0,2.5,4.0,7.0,4.0,4.0,4.5,2.5,4.5,2.5,2.0,3.0,3.0,4.5,3.5,5.0,3.5,3.0,2.5,4.5,2.0,2.5,3.0,3.0,4.5,3.5,4.0,2.5,4.0,5.0,2.5,4.5,3.5,4.0,6.5,3.0,3.5,2.0,3.0,5.0,4.0,3.5,3.5,7.0,4.5,4.0,6.5,2.0,4.0,4.0,4.5,4.0,5.5,4.5,4.5,4.5,2.5,3.5,4.5,2.0,4.5,2.5,4.5,7.5,4.5,4.5,6.5,4.0,4.0,4.0,2.0,2.0,2.0,2.0,4.0,2.0,2.0,2.0,2.0,2.0,2.0,2.0,2.0,2.0,2.0,2.0,2.0,4.0,2.0,2.0,2.0,2.0,2.0,2.0,2.0,2.0,2.0,2.0,2.0,2.0,2.0,2.0,2.0,2.0,2.0,2.0,2.0,2.0,2.0,2.0,2.0,2.0,2.0,2.0,2.0,2.0,2.0,2.0,2.0,2.0,2.0,3.0,2.0,2.0,2.0,2.0,2.0,2.0,2.0,2.0,2.0,2.0,2.0,2.0,2.0,2.0,2.0,2.0,4.0,4.0,2.0,2.0,2.0,2.0,2.0,2.0,2.0,2.0,2.0,2.0,2.0,2.0,2.0,2.0,2.0,2.0,2.0,2.0,2.0,2.0,2.0,2.0,2.0,2.0,2.0,2.0,2.0,2.0,2.0,2.0,2.0,2.0,2.0,2.0,2.0,2.0,5.0,2.0,2.0,2.0,4.0,2.0,2.0,2.0,2.0,2.0,2.0,2.0,2.0,2.0,2.0,2.0,4.0,2.0,2.0,2.0,2.0,2.0,2.0,2.0,2.0,2.0,2.0,2.0,2.0,2.0,2.0,2.0,2.0,2.0,2.0,2.0,2.0,2.0,4.0,5.0,5.0,5.0
689.3385247020758,9.7,7.9,9.6,10.2,8.9,7.7,7.9,10.3,9.3,10.2,6.2,9.9,10.1,9.9,8.5,7.7,13.2,10.7,9.8,8.8,10.1,7.9,8.6,8.5,8.9,7.9,10.2,10.7,9.8,8.8,8.9,10.1,10.0,9.7,7.6,4.0,6.1,6.9,8.8,7.6,7.8,10.2,6.8,7.0,8.6,9.0,11.9,8.0,11.7,10.2,9.5,9.1,8.8,8.8,8.8,9.2,10.7,10.3,8.7,8.9,8.9,7.9,8.1,8.7,7.9,10.2,8.8,8.8,9.6,10.666666666666666,12.444444444444445,10.333333333333334,7.111111111111111,7.555555555555555,7.625,9.625,9.5,8.375,6.625,9.5,6.857142857142857,6.5,4.0,6.166666666666667,8.333333333333334,8.666666666666666,4.166666666666667,3.8,9.8,6.2,7.4,4.2,6.6,3.8,10.2,7.6,8.0,4.6,5.6,10.6,8.0,4.5,2.75,2.25,4.0,6.0,9.75,5.5,4.0,4.5,6.5,9.75,4.25,3.0,5.5,8.5,6.0,4.25,7.25,9.5,5.5,3.5,6.0,6.75,6.0,6.25,4.25,4.5,6.5,4.75,3.5,4.25,4.25,6.0,8.0,8.5,6.75,3.5,5.75,4.5,4.75,8.0,7.0,3.75,8.25,8.5,5.25,5.25,8.25,5.75,5.75,7.25,6.5,6.25,8.0,6.5,9.0,3.25,6.0,4.75,5.5,8.5,10.0,6.25,9.5,4.666666666666667,5.0,5.0,6.333333333333333,4.666666666666667,5.666666666666667,6.0,5.666666666666667,4.333333333333333,5.666666666666667,8.333333333333334,8.666666666666666,4.666666666666667,4.333333333333333,4.0,3.3333333333333335,5.0,7.333333333333333,8.0,2.0,5.5,4.0,2.0,3.5,2.0,9.5,4.0,5.5,7.5,4.0,5.0,5.5,6.5,4.0,7.5,5.0,8.5,5.5,7.0,9.0,9.0,5.0,5.0,2.0,5.0,5.0,9.0,5.0,13.0,6.0,6.0,5.0,8.0,9.0,6.0,9.0,6.0,5.0,4.0,2.0,5.0,2.0,2.0,2.0,5.0,6.0,8.0,14.0,9.0,9.0
711.0399352407206,5.4,8.2,8.3,6.0,6.6,6.3,7.5,5.4,6.7,7.1,6.3,5.4,6.1,6.7,7.9,6.0,6.5,7.6,8.1,8.4,7.9,7.2,7.9,7.2,7.3,6.6,8.3,7.5,7.3,8.2,6.2,8.6,7.1,8.7,7.2,8.0,9.3,9.1,6.7,7.9,8.4,6.9,7.4,7.1,6.5,9.3,6.5,7.8,6.3,8.2,7.7,7.4,9.7,8.7,9.4,8.3,6.8,6.3,8.4,9.2,7.8,10.1,9.7,10.0,10.2,7.2,9.0,8.1,8.5,10.1,6.9,7.5,10.7,8.7,7.0,9.9,8.6,6.4,11.11111111111111,7.666666666666667,8.555555555555555,6.222222222222222,8.11111111111111,7.777777777777778,7.222222222222222,9.0,9.75,8.375,8.75,6.5,7.0,9.857142857142858,8.714285714285714,8.857142857142858,8.333333333333334,9.333333333333334,9.5,10.833333333333334,5.166666666666667,9.333333333333334,6.833333333333333,8.333333333333334,6.333333333333333,7.166666666666667,4.5,7.0,8.833333333333334,9.166666666666666,7.833333333333333,4.5,6.75,6.25,7.25,5.75,4.5,5.0,4.75,5.25,4.75,5.25,7.0,4.75,6.0,4.75,5.5,3.25,6.0,8.0,8.0,6.0,7.25,5.75,5.75,7.5,5.5,5.5,8.0,8.25,7.75,10.25,9.75,8.0,7.0,6.0,5.5,5.5,6.75,8.5,8.25,7.5,5.0,11.0,8.5,8.0,9.5,7.75,7.5,8.75,5.75,8.25,6.0,9.5,7.0,6.75,8.0,8.75,5.5,8.0,8.75,5.75,7.5,9.0,6.25,9.75,10.5,8.75,6.666666666666667,9.0,7.333333333333333,7.666666666666667,8.333333333333334,5.5,4.0,6.0,3.0,4.0,4.0,4.0,3.0,4.0,4.0,4.0,4.0,6.0,4.0,4.0,4.0,6.0,6.0,4.0,4.0,3.0,4.0,6.0,4.0,4.0,4.0,4.0,4.0,4.0,4.0,4.0,4.0,6.0,3.0,6.0,3.0,6.0,4.0,4.0,6.0,3.0,4.0,4.0,5.0,4.0,4.0,7.0
732.2909592758907,11.2,10.8,11.1,11.5,10.8,11.6,11.1,11.0,11.6,8.8,10.4,10.3,9.0,12.4,12.0,10.2,9.6,11.6,11.1,9.2,11.6,11.1,13.5,11.8,10.2,11.2,10.3,11.2,10.3,12.8,11.8,10.1,10.0,8.4,14.0,10.2,10.0,11.2,12.0,10.1,9.9,11.5,12.1,10.9,11.9,11.6,10.4,7.8,10.6,10.1,9.3,9.1,11.6,15.1,11.8,7.4,10.7,11.1,10.3,10.9,9.8,10.3,12.6,14.3,11.7,9.3,11.5,9.4,12.7,11.1,13.0,10.3,11.5,12.555555555555555,10.11111111111111,10.125,11.428571428571429,8.5,9.333333333333334,9.166666666666666,8.6,10.0,8.0,7.0,8.5,8.5,7.25,7.0,8.0,9.5,8.333333333333334,7.666666666666667,6.666666666666667,7.0,5.0,4.666666666666667,4.0,7.0,6.333333333333333,5.666666666666667,5.666666666666667,5.0,5.333333333333333,4.666666666666667,9.0,5.666666666666667,3.0,7.0,6.0,4.0,6.333333333333333,6.333333333333333,6.333333333333333,7.333333333333333,7.0,8.333333333333334,8.0,10.666666666666666,8.0,9.666666666666666,7.666666666666667,3.0,7.333333333333333,6.0,10.333333333333334,7.0,8.0,4.666666666666667,9.333333333333334,9.0,6.5,6.0,4.5,7.0,9.0,7.0,6.5,6.5,7.5,5.0,11.0,6.5,6.5,11.5,9.0,9.0,10.5,10.0,5.5,7.0,12.5,11.5,9.5,2.0,2.0,4.0,4.0,4.0,4.0,4.0,4.0,4.0,4.0,2.0,2.0,2.0,2.0,2.0,2.0,2.0,2.0,6.0,2.0,2.0,2.0
753.6251014605479,10.7,7.4,10.5,10.2,10.0,11.2,9.8,8.3,11.3,12.0,11.4,11.1,8.9,11.6,7.1,10.0,8.9,11.1,9.9,9.9,10.4,11.0,11.0,10.4,8.5,8.1,11.4,10.3,6.4,9.7,9.4,11.0,12.6,8.9,11.8,9.2,10.2,10.0,11.9,12.5,12.1,10.7,10.4,11.1,9.4,11.5,11.3,11.6,12.2,13.7,8.1,9.3,12.3,10.2,10.7,11.0,13.0,10.8,10.7,8.5,11.3,11.7,9.8,11.3,7.9,10.5,11.5,12.2,11.6,8.9,9.3,5.2,12.2,10.88888888888889,10.75,8.0,11.5,8.833333333333334,10.333333333333334,7.0,8.0,9.6,14.0,9.4,10.6,9.0,6.8,11.0,8.25,5.0,5.333333333333333,6.0,5.666666666666667,8.333333333333334,7.333333333333333,8.0,10.666666666666666,8.333333333333334,10.333333333333334,8.0,5.0,11.666666666666666,9.0,6.0,4.5,4.5,4.5,8.0,9.0,10.0,6.5,6.5,9.5,5.0,5.5,4.5,4.5,3.5,6.0,5.5,10.0,4.5,5.0,7.5,4.5,9.0,7.0,8.5,5.0,4.5,7.0,9.5,8.0,6.5,5.5,8.0,7.0,6.0,5.0,6.0,7.5,8.0,6.5,8.0,7.0,11.0,8.0,8.5,6.5,11.0,6.0,8.5,9.0,4.0,4.0,4.0,2.0,4.0,4.0,4.0,4.0,4.0,4.0,4.0,4.0,4.0,4.0,4.0,2.0,6.0,4.0,6.0,4.0,14.0,6.0,2.0,6.0,6.0,6.0,7.0,6.0,2.0,6.0,4.0,6.0,6.0,6.0,5.0,6.0,16.0,6.0,6.0,6.0,6.0,16.0,6.0,16.0,7.0,4.0,4.0,6.0,6.0,6.0,10.0,6.0,4.0,6.0,6.0,4.0,2.0,6.0,6.0,4.0,2.0,12.0,2.0,4.0,6.0,5.0,5.0,6.0,2.0,4.0,6.0,6.0,6.0,12.0,4.0,5.0,2.0,5.0,2.0,2.0,2.0,2.0,2.0,2.0,2.0,6.0,2.0,10.0,2.0,2.0,2.0,2.0,2.0,2.0,2.0,2.0,5.0,2.0,2.0,15.0,4.0,9.0,18.0,16.0,5.0,17.0
774.7638207367481,11.6,11.4,10.2,10.4,9.0,10.0,9.7,10.1,9.1,10.8,9.9,11.1,10.0,9.9,10.7,10.3,8.1,10.1,12.9,12.4,8.3,8.7,9.6,9.4,10.2,9.9,11.9,8.9,10.8,10.3,10.8,8.1,8.0,7.6,8.8,8.9,8.6,9.7,11.3,11.3,9.0,10.1,11.5,9.8,9.1,5.6,10.3,10.5,10.3,9.9,9.3,10.2,6.3,8.6,11.2,11.1,10.1,10.5,9.0,9.1,7.4,8.2,9.0,7.5,9.6,9.9,8.5,8.4,7.6,9.0,10.9,9.0,10.9,8.0,5.888888888888889,6.666666666666667,6.777777777777778,8.375,7.375,7.0,6.0,5.428571428571429,6.714285714285714,5.0,7.571428571428571,5.142857142857143,5.0,8.0,5.857142857142857,6.285714285714286,8.857142857142858,7.166666666666667,8.333333333333334,7.666666666666667,7.5,7.0,7.333333333333333,5.6,7.0,7.0,5.8,4.8,5.8,8.2,7.0,4.5,4.25,5.25,6.0,8.25,4.75,5.75,3.6666666666666665,6.333333333333333,4.333333333333333,5.333333333333333,4.333333333333333,5.333333333333333,5.0,3.3333333333333335,2.3333333333333335,3.3333333333333335,5.333333333333333,8.0,3.6666666666666665,3.6666666666666665,5.666666666666667,3.0,5.333333333333333,5.333333333333333,6.0,4.666666666666667,6.333333333333333,3.6666666666666665,5.666666666666667,9.666666666666666,7.0,4.666666666666667,6.0,4.333333333333333,5.333333333333333,5.333333333333333,7.666666666666667,4.666666666666667,3.0,3.0,4.0,3.5,6.5,3.5,4.5,5.0,6.0,3.5,3.5,5.5,6.0,5.0,4.5,3.5,5.0,3.5,5.0,3.5,5.0,5.5,5.5,5.0,5.5,7.0,3.5,5.5,5.0,6.5,3.0,4.5,6.5,5.5,5.0,5.5,5.0,6.5,4.5,6.5,6.0,6.5,5.5,6.5,5.5,5.5,5.5,5.5,7.0,5.5,7.5,5.0,8.5,6.0,5.0,5.5,5.0,7.5,5.5,2.5,6.0,5.5,8.5,6.0,8.5,7.5,6.5,7.5,5.5,7.0,7.0,4.0,5.5,3.0,3.0,8.5,8.5,7.0,6.0,2.0,4.0,6.0,4.0,4.0,2.0,4.0,4.0,4.0,4.0,3.0,3.0,4.0,4.0,4.0,4.0,4.0
796.431944175687,7.1,8.6,8.0,6.3,6.8,8.2,8.4,6.6,5.9,7.4,6.4,7.0,9.1,7.3,7.1,7.5,7.2,7.8,7.6,7.6,6.8,6.4,8.0,8.3,8.1,4.5,7.0,7.0,9.1,7.3,6.6,7.8,8.6,6.6,7.9,6.0,7.6,4.8,7.1,6.0,6.1,7.5,7.9,7.0,6.6,7.8,7.0,6.4,7.2,6.5,6.6,7.2,6.1,7.1,9.0,6.1,6.8,6.2,9.1,9.2,5.6,8.4,9.0,8.1,6.9,5.7,4.5,9.2,7.1,7.0,6.3,7.9,6.6,7.2,6.8,8.3,8.5,8.2,6.7,7.1,6.9,6.9,7.1,8.3,6.3,5.8,9.5,5.4,6.6,5.6,7.3,6.375,6.125,7.0,6.25,7.5,7.0,5.0,5.75,4.571428571428571,5.285714285714286,5.428571428571429,5.714285714285714,5.571428571428571,4.0,4.833333333333333,7.333333333333333,5.166666666666667,5.333333333333333,3.3333333333333335,4.666666666666667,4.333333333333333,3.6666666666666665,5.166666666666667,6.0,4.833333333333333,4.0,3.6,4.2,4.4,3.4,5.4,4.0,3.8,4.0,3.4,3.2,3.4,4.6,4.2,3.4,3.4,4.6,4.2,3.6,3.6,3.6,5.4,4.0,4.6,5.0,3.0,4.4,3.8,3.2,5.0,4.2,3.2,3.6,4.0,4.6,4.6,3.8,6.0,3.4,3.6,4.8,3.4,3.8,4.4,6.0,3.4,3.6,5.0,4.2,7.4,4.4,3.4,6.8,5.0,8.2,7.8,5.2,6.4,6.2,4.6,7.8,5.6,8.6,7.2,5.0,5.8,7.4,8.4,5.6,6.8,7.0,6.2,8.2,6.0,4.6,6.0,7.0,4.666666666666667,4.333333333333333,4.666666666666667,5.333333333333333,7.666666666666667,4.666666666666667,4.666666666666667,3.6666666666666665,6.333333333333333,6.333333333333333,5.666666666666667,5.333333333333333,6.0,5.666666666666667,2.6666666666666665,4.333333333333333,5.0,4.333333333333333,4.333333333333333,6.0,6.0,10.666666666666666,5.5,6.0,4.5,5.5,4.0,5.5,5.5,4.5,5.0,3.5,6.0,4.5,4.0,3.0,4.0,3.0,5.5,2.0,2.0,2.0,2.0,2.0,5.0,2.0,2.0,2.0,2.0,2.0,2.0,2.0,2.0,2.0,2.0,2.0,2.0,2.0,2.0,2.0,2.0,2.0,2.0,2.0,2.0,2.0,2.0,2.0,2.0,2.0,2.0,2.0,2.0,2.0,2.0,4.0,2.0,2.0,2.0,6.0,2.0,2.0,2.0,2.0,2.0,6.0,6.0,6.0,5.0,6.0,8.0,6.0,6.0,6.0,6.0,4.0,4.0,18.0
817.8160065743566,10.4,8.7,10.3,9.3,11.3,9.6,10.2,6.6,9.8,9.7,9.4,7.5,12.0,8.8,9.1,10.4,11.7,8.1,11.0,8.8,12.5,11.1,10.5,11.4,8.8,11.5,8.1,9.5,9.2,10.7,10.3,10.8,8.0,9.0,8.7,10.9,11.6,11.7,11.9,10.6,10.2,10.7,9.8,10.6,11.3,12.6,10.8,8.0,11.4,9.6,10.2,11.2,8.8,8.0,12.5,10.3,6.8,10.8,9.0,13.7,11.2,10.8,10.8,10.0,11.7,7.9,9.9,10.4,11.1,14.5,10.8,11.5,9.7,10.777777777777779,12.11111111111111,10.666666666666666,12.333333333333334,12.0,8.11111111111111,10.25,12.75,9.625,9.75,8.714285714285714,9.666666666666666,6.5,6.75,9.25,6.25,4.25,6.0,6.5,8.5,8.5,7.25,6.5,5.75,9.0,8.0,9.25,8.5,8.25,7.333333333333333,6.0,7.666666666666667,3.5,4.5,2.5,4.5,4.5,4.5,12.5,4.0,6.0,6.0,4.5,6.0,6.0,4.5,4.5,4.5,4.5,4.5,3.0,4.5,6.0,3.5,4.0,4.5,4.0,4.5,4.5,2.5,6.0,4.5,4.5,5.0,3.5,3.5,4.5,4.5,4.5,4.0,4.5,4.5,2.0,4.5,4.5,4.5,4.0,7.0,4.5,6.5,6.0,13.0,3.0,3.0,3.0,3.0,3.0,3.0,3.0,3.0,3.0,3.0,3.0,3.0,3.0,3.0,3.0,3.0,4.0,3.0,3.0,3.0,3.0,3.0,3.0,3.0,3.0,3.0,3.0,2.0,3.0,3.0,3.0,3.0,3.0,3.0,3.0,6.0,3.0,3.0,3.0,3.0,3.0,3.0,3.0,3.0,3.0,6.0,3.0,3.0,3.0,3.0,4.0,3.0,3.0,3.0,3.0,3.0,3.0,4.0,3.0,10.0,3.0,3.0,3.0,3.0,3.0,3.0,3.0,4.0,3.0,3.0,3.0,3.0,3.0,4.0,4.0,2.0,5.0,7.0,5.0,3.0,3.0,6.0,6.0,6.0,6.0,3.0,3.0,3.0,3.0,7.0,3.0,3.0,3.0,7.0,6.0,6.0,3.0,6.0,3.0,7.0,3.0,3.0,6.0,8.0,6.0,8.0,6.0,3.0,6.0,4.0,7.0,5.0,2.0,3.0,6.0,6.0,8.0,4.0,12.0,7.0,6.0,4.0,3.0,3.0,7.0,6.0
839.1386866271026,5.4,10.5,8.3,8.3,6.5,8.1,9.7,10.5,9.3,9.6,11.1,7.9,9.5,8.8,10.7,9.1,10.8,10.3,9.5,7.1,6.9,9.6,7.8,7.1,8.4,8.9,13.2,7.2,8.6,7.4,8.1,9.2,10.7,9.2,10.6,8.7,8.7,7.0,10.7,10.6,8.5,8.1,9.4,11.0,8.9,11.4,9.9,8.2,8.5,7.6,9.0,8.3,9.8,8.8,9.2,11.6,11.9,10.6,9.2,7.4,10.7,8.4,7.2,7.8,9.5,9.1,9.0,9.8,10.4,7.4,8.8,11.6,10.3,6.8,8.6,10.4,10.3,8.5,8.2,9.5,8.4,8.6,9.1,8.4,8.7,10.666666666666666,8.444444444444445,7.25,9.571428571428571,7.714285714285714,8.0,8.571428571428571,5.428571428571429,8.714285714285714,6.428571428571429,7.714285714285714,8.666666666666666,10.166666666666666,5.833333333333333,6.5,4.666666666666667,7.333333333333333,4.166666666666667,7.166666666666667,7.166666666666667,8.0,5.6,9.8,5.8,6.4,5.8,7.6,10.75,11.5,7.75,8.25,6.0,5.25,8.666666666666666,4.333333333333333,11.0,8.666666666666666,7.666666666666667,4.0,9.0,4.5,4.5,4.5,6.0,4.5,4.5,6.0,2.5,6.5,4.5,3.0,3.5,6.0,3.0,3.0,3.0,3.0,2.0,3.0,6.0,7.0,6.0,7.0,3.0,6.0,3.0,3.0,3.0,3.0,7.0,3.0,3.0,3.0,3.0,3.0,3.0,3.0,3.0,3.0,8.0,3.0,2.0,10.0,7.0,5.0,6.0,3.0,3.0,4.0,3.0,2.0,6.0,6.0,7.0,8.0,6.0,6.0,7.0,8.0,7.0,6.0,2.0,6.0,6.0,6.0,2.0,6.0,3.0,2.0,6.0,8.0,6.0,5.0,8.0,8.0,8.0,8.0,6.0,8.0,6.0,9.0,3.0,8.0,12.0,7.0,6.0,6.0,7.0,7.0,7.0,8.0,9.0,2.0,6.0,8.0,7.0,8.0,8.0,8.0,3.0,10.0,2.0,9.0,8.0,10.0,7.0,7.0,8.0,9.0,8.0,13.0,6.0,10.0
861.1713442878943,7.8,9.7,6.9,7.7,7.4,7.1,9.0,7.2,7.9,6.5,7.8,6.9,8.6,7.7,9.8,5.9,5.7,8.4,6.8,7.3,8.0,7.2,7.0,5.3,6.8,6.8,7.4,8.2,6.8,6.4,6.4,6.0,7.1,8.1,7.0,6.7,7.4,8.7,7.9,6.8,5.2,6.9,6.9,7.8,7.0,9.4,8.9,9.0,6.1,8.9,6.1,6.7,6.5,7.0,6.6,5.9,6.9,6.4,6.3,6.6,6.2,7.5,5.8,7.9,6.9,7.7,8.6,7.5,9.1,5.4,7.3,7.2,6.6,7.8,6.8,7.5,5.9,7.7,6.3,9.1,8.4,6.8,5.888888888888889,7.111111111111111,6.0,7.888888888888889,7.777777777777778,5.444444444444445,5.666666666666667,6.333333333333333,6.777777777777778,5.666666666666667,6.777777777777778,8.88888888888889,5.444444444444445,6.444444444444445,6.777777777777778,6.111111111111111,5.0,4.875,4.75,5.625,6.5,6.25,6.0,4.625,5.75,6.125,6.875,5.0,4.714285714285714,4.571428571428571,6.142857142857143,5.714285714285714,5.428571428571429,3.857142857142857,4.285714285714286,5.714285714285714,5.857142857142857,5.571428571428571,5.571428571428571,4.714285714285714,3.857142857142857,6.142857142857143,7.0,4.333333333333333,4.0,4.666666666666667,5.5,4.5,4.666666666666667,4.166666666666667,4.0,4.0,4.8,3.4,4.4,3.75,3.5,3.25,3.75,2.5,3.5,3.25,3.25,3.25,3.5,3.5,3.0,3.5,3.25,4.5,3.5,3.25,5.0,4.75,3.0,3.5,4.0,3.25,3.25,3.75,3.75,3.25,3.5,3.25,3.25,3.0,5.75,3.5,3.75,3.0,3.5,2.75,2.75,3.75,3.0,3.25,4.5,4.25,2.75,3.25,4.25,3.5,3.5,3.25,4.0,3.5,3.25,4.0,4.25,4.0,5.25,4.0,3.5,3.5,4.25,3.25,3.75,5.75,5.0,4.75,4.75,3.25,5.0,5.75,5.25,5.25,6.0,4.25,4.5,4.0,5.0,5.5,6.0,5.0,5.25,6.0,6.0,4.25,6.0,5.5,5.25,4.5,5.75,7.666666666666667,8.333333333333334,6.5,8.5,7.0,5.0,5.5,7.0,5.5,3.0,4.5,5.0,4.0,7.5,5.5,6.5,5.5,7.5,5.0,5.5,4.0,3.0,3.0,4.0,4.0,4.0,3.0,5.0,4.0,4.0,7.0,3.0,4.0,4.0,4.0,3.0,4.0,3.0,4.0,3.0
882.3725642959837,8.6,6.7,8.3,7.3,9.1,9.8,9.5,6.9,7.1,8.8,8.2,6.4,8.0,8.5,8.6,7.9,6.3,7.2,8.2,7.0,3.9,9.1,8.4,7.9,8.3,7.9,9.9,8.2,6.6,7.5,10.4,7.0,8.3,7.3,8.1,8.3,8.6,7.8,9.0,9.1,7.6,6.7,7.5,8.7,7.8,7.8,8.5,6.3,10.3,7.9,9.9,6.8,8.6,9.4,7.1,6.5,8.7,6.2,9.3,7.5,8.0,10.2,8.3,9.0,9.4,10.8,8.2,7.3,7.9,6.5,5.375,6.75,8.75,5.625,6.25,8.75,6.125,7.0,5.375,5.375,7.285714285714286,6.714285714285714,4.571428571428571,5.166666666666667,5.333333333333333,5.333333333333333,4.833333333333333,4.666666666666667,4.166666666666667,5.0,4.5,3.1666666666666665,5.0,6.333333333333333,6.0,4.666666666666667,6.5,3.0,3.4,3.6,3.0,3.4,3.4,4.4,3.4,3.8,3.8,3.2,3.2,3.4,3.6,3.2,3.4,3.8,4.2,4.2,4.2,3.2,4.2,4.8,3.6,3.2,5.0,3.6,3.6,2.6,3.2,2.8,3.4,3.2,4.2,3.8,3.2,3.6,3.4,3.0,3.2,3.4,3.0,3.4,4.2,3.2,4.8,3.2,2.8,3.4,3.8,3.4,4.0,3.8,3.0,4.2,3.8,3.0,3.6,3.2,3.4,3.6,5.0,4.0,4.6,3.8,4.8,5.0,6.2,3.4,3.4,4.0,3.8,3.2,4.2,4.2,4.6,3.4,5.8,4.0,4.0,4.4,4.4,4.0,5.0,4.6,5.0,5.2,4.2,4.2,4.2,3.4,5.0,4.4,4.6,4.6,4.6,4.0,4.6,4.0,3.8,3.4,4.2,4.0,4.0,4.2,4.6,4.8,4.6,4.2,5.0,4.6,4.6,4.2,4.4,4.0,4.4,4.2,4.0,3.8,3.2,4.0,4.6,4.2,3.8,3.2,4.0,5.4,4.8,4.6,2.8,5.2,4.0,4.6,3.5,4.0,3.5,3.5,3.25,3.5,3.5,4.0,3.5,4.0,4.5,3.75,3.5,4.25,3.5,2.75,3.25,3.25,3.25,4.5,3.5,3.3333333333333335,3.0,5.333333333333333,3.3333333333333335,3.3333333333333335,4.333333333333333,5.333333333333333,3.6666666666666665,5.0,3.3333333333333335,4.5,5.5,3.0,3.0,3.0,3.0,3.0,3.0,3.0,3.0,3.0,3.0,3.0,6.5,3.0,3.0,4.0,3.0,3.0,3.0,3.0,3.0,3.0,3.0,3.0,5.0,3.0,3.0,3.0,3.0,3.0,4.5,3.0,3.0,3.0,3.0,3.0,3.0,2.5,3.0,6.0,6.0
903.5136031062062,7.7,7.1,8.5,6.9,5.9,7.2,7.7,10.0,6.9,8.0,7.8,8.2,9.4,7.6,8.2,7.7,7.4,7.5,7.6,5.7,8.4,8.3,8.9,7.1,7.7,8.8,9.2,8.0,7.4,6.9,8.7,7.5,6.5,9.1,8.7,7.9,7.4,7.9,7.6,8.7,9.5,7.3,8.0,7.3,7.7,5.8,7.4,5.6,7.7,6.6,7.6,6.6,6.5,6.6,7.9,6.3,7.2,4.9,8.8,7.1,8.3,6.6,6.7,7.9,6.9,7.5,8.0,6.6,7.1,8.9,9.0,5.9,5.5,7.8,9.0,6.555555555555555,8.11111111111111,5.666666666666667,6.888888888888889,7.333333333333333,7.0,5.555555555555555,5.555555555555555,6.111111111111111,5.333333333333333,7.111111111111111,7.222222222222222,5.444444444444445,5.333333333333333,6.666666666666667,7.111111111111111,5.333333333333333,7.222222222222222,8.88888888888889,8.555555555555555,6.222222222222222,7.222222222222222,6.777777777777778,5.111111111111111,5.666666666666667,5.375,5.0,8.625,5.5,6.5,6.25,6.125,5.125,7.714285714285714,4.714285714285714,7.142857142857143,4.857142857142857,5.0,6.285714285714286,6.428571428571429,6.285714285714286,4.285714285714286,4.571428571428571,4.0,7.0,6.571428571428571,6.857142857142857,4.714285714285714,8.142857142857142,6.428571428571429,5.857142857142857,6.142857142857143,5.5,5.0,4.5,4.4,4.5,6.0,4.75,4.25,4.0,7.5,3.75,3.5,4.5,5.75,3.5,5.25,3.75,5.25,5.25,3.75,3.75,2.75,5.75,4.5,4.0,4.25,5.5,5.75,3.0,6.25,4.5,5.25,5.75,4.25,3.3333333333333335,3.6666666666666665,5.666666666666667,3.6666666666666665,4.0,5.333333333333333,4.0,3.3333333333333335,2.0,4.333333333333333,4.0,3.3333333333333335,2.6666666666666665,4.666666666666667,4.0,4.333333333333333,3.3333333333333335,4.333333333333333,3.0,3.6666666666666665,3.6666666666666665,4.333333333333333,4.333333333333333,2.6666666666666665,4.333333333333333,5.333333333333333,4.666666666666667,5.0,5.333333333333333,2.6666666666666665,4.333333333333333,4.333333333333333,4.0,5.333333333333333,5.666666666666667,7.0,3.6666666666666665,4.0,4.333333333333333,6.0,4.0,5.666666666666667,7.666666666666667,3.0,4.0,3.0,2.5,2.5,4.0,3.0,3.0,5.5,3.0,5.0,3.0,4.0,3.0,2.5,3.0,3.0,3.0,3.0,3.0,3.0,2.5,3.0,2.5,3.0,2.5,3.0,3.0,3.0,4.5,2.5,3.0,3.0,2.0,4.0,3.0,3.0,3.0,3.0,5.5,3.0,3.5,3.0,3.0,3.0,3.0,3.0,3.0,5.0,3.0,2.0,3.0,4.0,3.5,3.0,3.0,6.5,3.0,4.0,3.0,3.0,3.0,2.0,2.0,2.0,2.0,2.0,2.0,2.0,2.0,2.0,2.0,2.0,5.0,5.0,4.0,2.0,2.0,2.0,2.0,2.0,2.0,2.0,2.0,2.0,2.0,2.0,2.0,2.0,2.0,2.0,2.0
924.5664743765607,6.5,5.5,7.5,6.9,7.5,6.5,7.5,5.6,5.9,7.0,7.3,6.6,7.6,6.9,6.7,5.3,7.3,7.0,6.5,6.7,7.4,6.7,7.4,6.8,6.3,6.8,8.7,8.2,6.2,6.5,4.5,7.7,6.7,7.4,6.6,7.3,8.1,5.7,7.0,6.6,6.3,5.3,8.1,7.1,5.4,7.4,6.4,5.7,6.3,8.1,7.4,7.2,6.7,6.9,7.5,8.0,7.7,7.4,6.5,6.2,7.2,6.1,7.8,6.8,7.9,5.4,6.8,7.3,6.8,6.8,8.7,5.1,8.2,7.0,8.0,7.555555555555555,6.555555555555555,7.444444444444445,7.333333333333333,7.555555555555555,8.666666666666666,7.111111111111111,5.111111111111111,6.888888888888889,3.75,4.375,5.75,5.125,4.125,6.0,5.25,5.25,5.125,5.25,7.875,8.875,6.375,6.75,6.75,3.857142857142857,5.142857142857143,5.714285714285714,4.857142857142857,4.714285714285714,5.0,5.571428571428571,5.0,4.5,3.6666666666666665,3.8333333333333335,5.0,4.166666666666667,3.8333333333333335,3.3333333333333335,4.166666666666667,3.0,3.0,2.8333333333333335,4.666666666666667,4.333333333333333,3.6666666666666665,4.5,4.333333333333333,4.666666666666667,5.166666666666667,4.166666666666667,4.833333333333333,3.3333333333333335,4.333333333333333,3.5,3.6666666666666665,3.5,4.833333333333333,3.1666666666666665,3.6,3.4,3.2,3.0,4.6,4.0,3.4,3.2,3.8,4.6,3.2,3.2,2.8,3.8,6.8,3.4,3.8,3.4,3.4,3.5,2.75,3.25,2.75,2.25,2.75,2.75,3.5,2.75,2.75,3.5,3.25,3.25,3.25,2.75,4.5,3.0,3.0,2.5,2.75,3.25,2.75,3.5,3.25,2.75,2.5,2.75,2.75,3.0,2.75,2.75,2.75,2.75,3.0,3.0,2.75,3.25,2.5,2.5,3.25,2.75,2.75,2.75,3.5,2.5,2.75,2.5,2.5,3.0,3.0,2.75,2.5,3.0,3.25,3.25,2.75,2.75,2.75,3.0,3.0,4.5,4.25,3.0,3.75,4.0,3.5,3.5,3.0,3.25,4.0,4.25,3.25,3.25,3.25,3.0,4.0,4.25,5.0,3.75,2.75,3.0,4.25,3.0,3.25,4.0,5.0,4.75,3.0,3.75,3.0,4.0,4.25,3.75,3.75,4.25,4.0,3.75,4.0,3.75,3.75,4.25,5.25,4.0,4.25,3.25,4.0,4.0,3.75,4.25,3.75,4.0,4.0,5.0,5.0,4.0,3.0,2.6666666666666665,5.0,4.0,2.6666666666666665,6.0,4.0,4.666666666666667,4.0,2.6666666666666665,4.333333333333333,4.333333333333333,4.333333333333333,5.333333333333333,3.6666666666666665,4.666666666666667,4.0,5.666666666666667,3.0,2.6666666666666665,4.333333333333333,4.0,4.0,5.0,5.666666666666667,4.333333333333333,4.666666666666667,4.333333333333333,4.333333333333333,4.0,5.666666666666667,4.333333333333333,4.0,3.0,3.0,4.0,3.0,3.0,4.5,3.0,3.0,4.5,2.5,2.5,2.5,4.5,4.0,2.5,2.5,3.0,2.5,4.5,3.5,7.5,3.0,2.5,4.5,3.5,2.5,4.0,4.5,6.0,5.5,6.0,2.5,2.5,4.0,5.0,5.5,3.5,7.0,5.0,2.5,3.5,6.0,5.0,4.5,3.0,3.0,3.0,3.0,3.0,3.0,4.0,3.0,3.0,3.0,3.0,3.0,3.0,3.0
945.8620797722473,7.0,6.8,8.5,6.9,6.2,7.5,7.1,6.1,8.1,7.1,7.9,8.0,6.2,7.5,7.2,6.3,6.5,7.0,5.3,7.4,5.5,6.6,7.0,7.0,5.2,6.8,7.6,8.5,7.5,5.2,7.8,6.7,8.5,7.7,7.1,7.4,7.0,5.8,7.2,7.2,8.2,7.8,7.9,7.0,4.9,7.1,8.0,7.4,8.6,7.3,6.8,5.7,8.5,8.6,8.4,7.6,8.2,5.1,8.2,8.9,8.9,5.6,7.6,8.1,7.3,8.3,7.4,7.6,8.4,6.0,9.8,6.4,8.0,8.3,7.9,7.0,9.1,7.5,7.1,6.3,8.0,7.4,7.9,6.9,7.4,7.0,7.0,9.0,8.555555555555555,6.222222222222222,8.0,8.222222222222221,5.375,6.375,8.25,5.25,6.875,7.875,7.125,9.375,6.75,6.375,8.375,7.428571428571429,6.571428571428571,7.333333333333333,6.166666666666667,4.166666666666667,6.166666666666667,5.666666666666667,3.5,8.0,5.5,4.333333333333333,5.166666666666667,6.666666666666667,5.166666666666667,4.5,5.166666666666667,5.833333333333333,5.0,5.833333333333333,6.0,6.333333333333333,6.666666666666667,7.0,5.666666666666667,8.666666666666666,8.833333333333334,5.666666666666667,6.166666666666667,5.666666666666667,6.333333333333333,5.2,4.4,4.8,5.4,6.6,6.2,4.8,4.8,5.25,5.5,5.25,6.5,6.25,6.25,4.5,5.25,5.333333333333333,4.333333333333333,5.333333333333333,4.333333333333333,5.666666666666667,5.333333333333333,5.0,5.333333333333333,5.0,6.333333333333333,5.333333333333333,4.666666666666667,5.666666666666667,5.0,5.666666666666667,5.0,6.0,4.666666666666667,4.666666666666667,5.333333333333333,2.6666666666666665,5.333333333333333,5.0,4.333333333333333,5.333333333333333,4.0,3.0,6.0,3.0,5.5,3.0,3.0,4.5,4.0,2.0,3.0,2.0,3.0,3.0,2.0,3.0,4.0,5.0,6.0,4.5,6.0,6.5,6.0,3.5,4.0,5.0,4.5,4.0,6.0,6.5,2.0,5.0,5.5,6.0,5.5,6.0,5.5,5.0,6.0,7.0,5.5,4.5,6.0,5.5,6.0,2.0,2.0,2.0,4.0,2.0,2.0,2.0,2.0,2.0,2.0,2.0,2.0,5.0,2.0,2.0,2.0,2.0,2.0,2.0,2.0,2.0,2.0,2.0,4.0,2.0,2.0,2.0,5.0,2.0,2.0,2.0,2.0,2.0,2.0,2.0,2.0,2.0,2.0,2.0,2.0,2.0,2.0,2.0,4.0,2.0,2.0,2.0,2.0,2.0,2.0,2.0,2.0,5.0,2.0,2.0,2.0,2.0,2.0,2.0,2.0,5.0,2.0,2.0,2.0,2.0,2.0,4.0,2.0,2.0,2.0,2.0,2.0,2.0,2.0,2.0,2.0,2.0,2.0,2.0,2.0,2.0,2.0,2.0,2.0,2.0,2.0,2.0,2.0,2.0,2.0,2.0,2.0,2.0,2.0,2.0,2.0,2.0,2.0,2.0,2.0,2.0,2.0,2.0,2.0,2.0,2.0,2.0,2.0,2.0,2.0,2.0,2.0,2.0,2.0,2.0,2.0,2.0,2.0,2.0,2.0,2.0,2.0,2.0,2.0,2.0,2.0,2.0,5.0,2.0,2.0,2.0,2.0,2.0,2.0,2.0,2.0,2.0,2.0,5.0,2.0,2.0,2.0,2.0,2.0,2.0,6.0,2.0,2.0,2.0,2.0,2.0,2.0,2.0,4.0,2.0,4.0,2.0,2.0,2.0,4.0,8.0,2.0,2.0,2.0,2.0,4.0,2.0,2.0,2.0,2.0,2.0,2.0,2.0,2.0,2.0,2.0,2.0,2.0,2.0,2.0,2.0,2.0,2.0,2.0,2.0,2.0,2.0,2.0,2.0,2.0,2.0,2.0,2.0,2.0,2.0,2.0,2.0,2.0,2.0,5.0,2.0,2.0,2.0,2.0,2.0,2.0
967.5206477715541,9.2,6.9,8.4,9.5,8.6,6.8,8.9,8.7,7.2,6.0,8.5,7.2,8.3,9.4,8.7,6.7,5.9,9.1,7.8,8.0,7.7,8.5,5.1,9.1,8.7,6.9,7.9,7.3,6.9,8.5,9.6,6.9,5.2,6.4,8.8,8.2,8.0,7.0,8.1,6.5,7.0,7.8,7.8,9.1,8.8,9.6,8.2,8.3,7.2,9.5,8.1,8.2,6.5,9.1,6.4,7.2,6.6,8.6,6.9,8.8,5.6,8.3,9.0,6.9,8.6,7.7,8.0,7.9,7.8,8.9,9.5,8.0,9.0,8.6,8.2,9.1,8.2,9.7,9.1,8.7,5.6,8.2,9.7,9.4,9.333333333333334,9.11111111111111,7.888888888888889,8.11111111111111,9.444444444444445,7.111111111111111,10.0,8.125,8.571428571428571,5.857142857142857,8.428571428571429,6.428571428571429,5.0,9.0,7.857142857142857,6.333333333333333,6.166666666666667,7.0,5.833333333333333,4.6,6.0,5.4,6.4,6.2,6.8,7.8,6.6,7.6,5.8,6.6,6.5,5.5,6.25,7.0,5.25,5.0,5.0,5.25,7.5,5.25,6.0,4.0,5.5,5.0,6.0,6.5,7.25,5.5,5.5,4.75,5.0,4.333333333333333,4.666666666666667,4.666666666666667,5.333333333333333,4.333333333333333,3.6666666666666665,4.666666666666667,4.666666666666667,6.0,4.0,3.0,5.666666666666667,5.333333333333333,2.5,2.5,2.5,2.5,2.5,2.5,2.5,3.0,4.0,2.5,2.5,2.5,2.5,2.5,4.5,2.5,2.5,6.0,2.5,2.5,2.5,2.5,3.0,2.5,2.5,2.5,2.5,3.0,2.5,2.5,4.0,2.5,2.5,2.5,2.5,2.5,2.5,2.5,2.5,2.5,3.0,3.0,2.5,2.5,2.5,2.5,2.5,2.5,2.5,2.5,2.5,2.0,2.5,2.5,2.5,2.5,2.5,2.5,2.5,2.5,4.5,2.5,2.5,4.0,2.5,3.0,2.5,3.5,2.5,2.5,2.5,3.5,2.5,2.5,2.5,3.5,2.0,2.5,2.5,2.5,3.5,2.5,2.5,2.5,3.0,3.0,4.0,4.5,2.0,4.5,2.5,2.5,2.5,2.5,2.5,4.0,2.5,2.5,3.0,4.5,2.5,2.5,4.0,2.5,2.5,4.5,3.0,2.5,2.5,3.0,2.5,2.5,2.0,5.0,2.5,2.5,5.0,7.0,2.5,3.5,4.0,4.0,2.5,5.5,2.5,2.5,2.5,4.0,2.5,2.5,3.5,2.5,2.5,2.5,4.5,4.5,4.5,4.5,7.0,12.0,4.0,2.5,4.0,4.0,4.5,2.0,2.0,2.0,2.0,6.0,2.0,2.0,2.0,2.0,2.0,2.0,2.0,2.0,2.0,2.0,2.0,2.0,2.0,2.0,2.0,2.0,2.0,2.0,2.0,2.0,2.0,2.0,2.0,2.0,2.0,2.0,7.0,2.0,2.0,2.0,2.0,2.0,2.0,2.0,2.0,2.0,2.0,2.0,9.0,9.0,2.0,6.0,6.0,2.0,2.0,5.0,2.0,2.0,6.0,2.0,2.0,4.0,2.0,2.0,2.0,2.0,2.0,4.0,2.0,2.0,2.0,2.0,2.0,5.0,2.0,2.0,2.0,4.0,2.0,2.0,2.0,7.0,21.0,2.0,2.0,6.0,2.0,2.0,2.0,2.0,2.0,2.0,2.0,2.0,2.0,2.0,2.0,2.0,2.0,2.0,11.0,2.0,2.0,2.0,2.0,2.0,6.0,6.0,2.0,2.0,4.0,2.0,6.0,6.0,10.0
988.9598176158772,8.0,7.6,8.9,9.1,9.7,10.1,8.6,8.1,9.6,8.8,8.1,9.9,8.1,9.8,8.2,7.9,7.8,5.8,9.4,7.1,9.9,8.0,8.0,7.8,8.9,6.6,7.2,7.6,8.0,9.6,9.0,7.7,9.6,10.0,9.3,7.6,9.0,7.4,8.5,9.4,10.7,8.5,8.3,8.8,8.5,7.9,10.9,8.9,8.1,9.5,9.2,7.5,8.6,9.5,8.3,7.4,10.4,9.7,7.7,9.6,7.8,10.2,7.6,6.3,8.0,10.4,9.0,8.0,7.6,7.8,7.7,6.7,7.9,7.8,7.9,9.2,7.3,6.5,8.5,6.9,7.5,8.444444444444445,7.222222222222222,7.777777777777778,7.555555555555555,9.11111111111111,6.142857142857143,7.714285714285714,6.857142857142857,4.857142857142857,8.571428571428571,7.428571428571429,7.142857142857143,6.714285714285714,7.142857142857143,8.285714285714286,6.0,7.857142857142857,7.666666666666667,9.166666666666666,5.8,5.4,5.4,6.8,4.75,3.0,5.25,4.5,5.25,6.25,5.0,4.5,5.5,6.25,6.5,5.25,4.75,6.0,4.75,7.75,3.25,5.25,4.666666666666667,3.3333333333333335,4.0,3.6666666666666665,3.6666666666666665,4.0,5.0,4.0,3.6666666666666665,3.6666666666666665,3.6666666666666665,3.6666666666666665,4.0,3.6666666666666665,3.0,5.333333333333333,4.0,4.333333333333333,4.666666666666667,5.666666666666667,5.666666666666667,3.6666666666666665,4.333333333333333,3.6666666666666665,5.333333333333333,4.333333333333333,6.0,5.333333333333333,4.333333333333333,5.666666666666667,4.0,3.6666666666666665,5.0,3.0,5.333333333333333,6.333333333333333,5.0,4.666666666666667,4.333333333333333,5.666666666666667,5.0,4.666666666666667,4.0,5.666666666666667,3.6666666666666665,6.0,8.0,7.666666666666667,5.333333333333333,5.666666666666667,4.666666666666667,6.0,9.0,5.333333333333333,6.666666666666667,7.0,9.0,6.666666666666667,8.333333333333334,6.666666666666667,8.666666666666666,4.333333333333333,4.333333333333333,5.666666666666667,5.0,3.0,6.5,6.0,6.0,6.5,7.5,8.5,8.0,6.5,7.0,7.5,4.0,7.0,4.5,6.0,4.5,7.5,5.0,6.5,5.0,8.0,4.5,8.0,5.5,6.5,5.0,6.5,6.0,5.0,5.5,5.5,7.0,3.5,5.5,6.0,5.5,6.5,5.5,5.0,6.0,3.5,5.0,6.0,6.5,5.5,4.0,8.0,3.0,3.0,4.0,3.0,3.0,3.0,3.0,4.0,3.0,4.0,4.0,4.0,4.0,4.0,3.0,4.0,3.0,3.0,5.0,4.0,2.0,4.0,4.0,4.0,4.0,3.0,3.0,4.0,4.0,4.0,4.0,4.0,3.0,2.0,4.0
1010.7260714036686,7.9,8.5,9.3,8.6,6.5,8.7,9.7,9.6,9.7,8.8,8.9,8.8,9.3,8.3,9.4,8.2,7.4,10.1,8.1,8.9,8.4,8.4,9.0,9.2,9.4,8.7,8.7,6.2,8.8,9.2,7.6,6.8,7.3,7.6,7.5,8.0,10.4,5.9,8.3,7.7,9.2,8.7,10.0,8.1,8.7,9.8,9.1,7.0,5.5,7.9,8.6,7.3,7.8,7.6,9.0,9.3,6.8,9.9,8.7,9.2,9.5,10.2,9.1,7.2,9.1,8.5,8.3,7.4,10.9,9.9,8.6,9.9,8.9,8.1,8.1,8.1,9.6,8.5,8.4,10.4,6.4,11.2,8.3,7.7,7.4,6.3,8.4,9.3,7.555555555555555,9.555555555555555,8.777777777777779,7.777777777777778,9.444444444444445,8.11111111111111,7.666666666666667,8.777777777777779,7.142857142857143,7.571428571428571,6.142857142857143,6.5,5.833333333333333,6.5,5.666666666666667,7.5,6.4,8.0,5.0,9.4,5.6,5.8,8.6,6.6,7.6,4.4,6.4,7.0,5.6,6.2,6.0,8.6,8.2,6.8,5.6,9.8,7.4,8.666666666666666,4.0,7.333333333333333,7.0,10.0,7.0,4.666666666666667,8.0,6.5,5.5,5.5,7.0,5.5,6.0,7.5,6.0,9.5,5.5,6.5,7.5,9.5,8.0,8.0,9.0,6.5,11.0,4.0,4.0,4.0,3.0,4.0,3.0,4.0,4.0,4.0,4.0,3.0,4.0,4.0,3.0,3.0,5.0,3.0,5.0,3.0,4.0,4.0,4.0,3.0,3.0,6.0,3.0,3.0,4.0,4.0,4.0,5.0,4.0,3.0,2.0,3.0,3.0,3.0,4.0,2.0,2.0,2.0,4.0,2.0,4.0,4.0,2.0,2.0,3.0,3.0,3.0,2.0,2.0,2.0,4.0,3.0,2.0,6.0,2.0,5.0,2.0,2.0,2.0,2.0,2.0,2.0,2.0,3.0,2.0,2.0,2.0,5.0,2.0,2.0,2.0,2.0,2.0,2.0,2.0,2.0,2.0,2.0,2.0,2.0,2.0,2.0,2.0,2.0,2.0,2.0,2.0,3.0,2.0,2.0,2.0,2.0,2.0,2.0,2.0,2.0,2.0,2.0,2.0,2.0,2.0,2.0,2.0,2.0,2.0,2.0,2.0,2.0,2.0,2.0,2.0,2.0,2.0,2.0,2.0,2.0,2.0,2.0,2.0,2.0,2.0,2.0,2.0,3.0,2.0,5.0,2.0,2.0,2.0,2.0,2.0,2.0,2.0,2.0,2.0,2.0,2.0,2.0,2.0,2.0,2.0,2.0,2.0,2.0,2.0,2.0,2.0,2.0,4.0,2.0,2.0,2.0,2.0,2.0,2.0,2.0,6.0,2.0,2.0,2.0,2.0,2.0,2.0,2.0,4.0
1032.632696042911,7.8,6.8,9.0,8.3,6.6,8.5,8.8,8.2,8.8,7.7,6.9,7.6,7.6,9.2,7.6,6.4,7.2,7.5,9.0,7.1,5.6,8.7,7.2,8.6,8.0,8.1,8.9,7.4,8.9,7.9,8.2,8.5,6.6,8.5,8.0,8.3,7.8,8.5,8.0,10.0,7.1,8.5,8.5,7.7,7.1,8.6,8.8,8.3,8.0,6.8,9.2,7.0,8.7,8.7,7.8,7.2,8.0,7.4,8.8,9.0,8.7,8.0,7.1,6.7,7.9,8.5,7.0,8.1,7.2,10.6,8.2,8.9,8.3,7.4,9.0,6.8,6.7,6.3,8.1,7.333333333333333,7.777777777777778,5.222222222222222,7.333333333333333,8.11111111111111,8.666666666666666,7.222222222222222,4.428571428571429,6.142857142857143,6.428571428571429,8.666666666666666,3.6666666666666665,6.833333333333333,3.6,4.8,4.2,4.2,4.6,4.8,5.4,4.2,3.6,4.8,6.4,4.0,3.4,5.2,5.0,5.6,5.6,3.6,6.6,4.6,5.6,6.4,5.6,7.4,6.0,3.2,6.2,4.4,4.8,6.8,6.0,5.4,7.2,6.2,4.4,8.2,6.2,3.6,5.6,5.2,5.4,4.6,6.0,6.0,7.4,5.2,5.0,5.6,6.2,6.6,4.75,3.75,3.0,5.5,3.75,8.5,5.5,5.5,4.0,9.75,6.25,4.0,4.75,6.25,4.5,4.5,6.0,4.5,5.75,5.25,6.25,5.25,4.5,5.5,5.75,6.5,4.5,6.5,7.25,6.25,5.75,6.333333333333333,5.0,4.666666666666667,5.0,4.333333333333333,10.0,8.0,4.333333333333333,5.333333333333333,7.0,4.666666666666667,3.6666666666666665,4.666666666666667,4.666666666666667,4.333333333333333,5.0,4.333333333333333,4.666666666666667,5.0,6.0,7.666666666666667,5.333333333333333,4.333333333333333,4.0,6.666666666666667,5.333333333333333,5.0,4.333333333333333,5.666666666666667,7.5,3.5,6.5,5.5,5.5,7.0,5.0,3.0,2.0,3.0,4.0,4.0,3.0,3.0,4.0,4.0,3.0,4.0,4.0,4.0,4.0,4.0,4.0,4.0,7.0,4.0,3.0,3.0,3.0,3.0,6.0,3.0,2.0,3.0,4.0,3.0,3.0,3.0,7.0,4.0,3.0,4.0,4.0,4.0,4.0,4.0,4.0,4.0,4.0,4.0,4.0,4.0,4.0,4.0,4.0,3.0,4.0,3.0,3.0,4.0,4.0,3.0,3.0,3.0,5.0,4.0,4.0,3.0,5.0,4.0,4.0,6.0,4.0,7.0,4.0,4.0,4.0,3.0,4.0,3.0,4.0,4.0,3.0,7.0,2.0,4.0,4.0,4.0,4.0,3.0,4.0,3.0,4.0,3.0,7.0,4.0,3.0,6.0,3.0,4.0,4.0,2.0,4.0,4.0,4.0,4.0,3.0,4.0,6.0,4.0,3.0,3.0,2.0,4.0,4.0,4.0,4.0,4.0,5.0,3.0,4.0,3.0,4.0,4.0,4.0,4.0,6.0,4.0,2.0,4.0,6.0,4.0,3.0,7.0,4.0,7.0
1054.3113842153011,9.7,9.5,8.7,9.4,8.7,8.7,6.2,8.6,6.8,5.4,7.4,10.5,8.8,6.9,8.0,7.3,8.5,9.1,7.6,8.2,8.2,8.9,7.9,6.0,8.5,10.0,8.2,8.8,8.6,9.1,6.8,10.4,5.7,9.4,7.2,7.3,7.4,7.1,8.3,8.5,7.5,7.7,7.1,7.0,8.8,6.3,8.2,7.9,7.4,9.2,7.5,7.7,5.6,8.8,9.0,8.5,8.5,7.4,6.1,7.7,7.4,6.5,6.6,6.7,7.9,7.0,9.8,10.0,9.0,8.3,8.4,7.6,8.4,6.6,7.8,7.1,7.5,8.2,6.222222222222222,7.222222222222222,7.777777777777778,7.222222222222222,5.666666666666667,8.777777777777779,8.222222222222221,6.555555555555555,6.888888888888889,8.0,5.666666666666667,6.75,6.285714285714286,7.142857142857143,8.0,8.0,4.166666666666667,6.166666666666667,5.666666666666667,5.5,5.4,5.2,4.2,5.0,4.2,5.6,5.0,4.6,5.0,4.4,3.6,4.6,5.2,4.6,5.6,5.2,6.0,3.4,5.0,4.6,5.0,5.2,4.6,4.6,4.4,5.4,5.2,4.75,5.25,3.25,6.25,5.0,5.75,4.25,4.5,4.0,4.0,4.0,4.0,6.25,4.75,4.75,5.25,5.0,5.75,4.75,3.25,4.75,5.0,3.5,3.0,5.25,5.25,5.25,3.75,5.0,4.5,4.75,6.0,5.5,5.0,5.25,6.0,4.25,5.75,6.0,6.0,4.0,4.25,5.25,4.75,4.5,6.0,6.25,4.333333333333333,3.6666666666666665,3.6666666666666665,3.6666666666666665,5.0,5.0,4.666666666666667,4.333333333333333,5.0,4.0,4.0,3.6666666666666665,5.666666666666667,3.6666666666666665,5.0,3.3333333333333335,4.666666666666667,3.6666666666666665,3.3333333333333335,4.0,5.333333333333333,3.3333333333333335,4.0,3.6666666666666665,3.6666666666666665,4.666666666666667,3.6666666666666665,3.6666666666666665,5.0,4.666666666666667,5.333333333333333,4.333333333333333,3.6666666666666665,3.3333333333333335,3.6666666666666665,4.333333333333333,4.333333333333333,5.666666666666667,4.0,3.6666666666666665,4.666666666666667,4.0,4.666666666666667,5.0,4.666666666666667,3.3333333333333335,4.333333333333333,3.6666666666666665,4.333333333333333,4.666666666666667,4.0,6.666666666666667,2.3333333333333335,5.0,5.0,5.333333333333333,3.3333333333333335,4.0,4.333333333333333,6.0,3.6666666666666665,6.666666666666667,5.0,3.5,3.0,3.0,3.5,4.5,3.5,3.0,3.5,3.5,3.5,3.5,3.5,3.0,4.0,3.0,3.0,3.5,5.5,3.0,3.0,3.0,3.0,4.5,3.0,3.5,3.5,3.5,3.0,3.0,3.0,3.0,2.0,3.0,2.0,3.0,3.0,3.0,3.0,3.0,3.0,3.0,3.0,3.0,3.0,3.0,2.0,3.0,3.0,3.0,3.0,3.0,6.0,3.0,3.0,3.0,3.0,3.0,3.0,3.0,3.0,3.0,3.0,3.0,3.0,3.0,3.0,3.0,3.0,3.0,3.0,3.0,5.0,3.0,3.0,4.0,3.0,3.0,3.0,3.0,3.0
1071.2835969236908,7.0,7.2,6.2,6.6,4.8,6.4,6.6,5.8,6.0,9.2,5.6,3.8,5.2,7.0,7.2,4.8,5.6,7.0,6.6,7.8,7.0,5.6,6.0,7.0,9.2,7.0,4.4,7.2,5.6,4.4,7.4,5.6,7.2,6.0,6.2,5.0,7.0,6.8,7.2,6.2,5.6,2.8,4.6,3.8,7.4,5.0,5.6,7.0,7.2,6.2,5.8,4.8,6.0,7.8,5.0,7.2,4.6,5.8,6.0,6.8,5.4,5.6,5.6,6.2,6.6,8.6,4.4,6.6,6.6,6.0,4.6,5.4,6.0,5.6,4.0,5.8,5.4,5.2,6.0,4.6,4.4,7.4,5.4,7.2,5.2,6.4,5.2,5.8,6.6,5.6,8.6,4.0,5.0,4.6,6.4,3.5,5.25,4.25,6.25,3.5,3.25,7.0,3.75,6.0,4.0,4.75,3.75,3.5,3.5,7.0,4.25,3.3333333333333335,4.0,3.0,3.3333333333333335,3.3333333333333335,3.3333333333333335,2.6666666666666665,4.666666666666667,4.0,3.6666666666666665,3.3333333333333335,4.333333333333333,3.0,3.0,3.3333333333333335,3.3333333333333335,3.6666666666666665,3.0,3.0,5.333333333333333,3.3333333333333335,4.0,3.0,4.333333333333333,3.0,3.3333333333333335,4.0,3.0,3.3333333333333335,3.3333333333333335,2.6666666666666665,2.6666666666666665,3.6666666666666665,2.6666666666666665,2.6666666666666665,3.3333333333333335,3.0,3.0,3.6666666666666665,3.0,2.6666666666666665,2.3333333333333335,3.0,3.0,2.6666666666666665,2.6666666666666665,3.0,3.0,3.0,3.0,3.0,3.0,3.0,3.0,3.0,3.0,2.6666666666666665,3.0,2.6666666666666665,3.0,3.0,4.0,3.0,3.0,2.6666666666666665,2.6666666666666665,4.0,3.0,3.0,2.6666666666666665,2.6666666666666665,4.0,4.0,3.0,4.666666666666667,2.6666666666666665,2.6666666666666665,3.0,3.6666666666666665,3.0,3.6666666666666665,5.0,3.3333333333333335,2.3333333333333335,2.6666666666666665,2.6666666666666665,4.0,3.0,4.333333333333333,4.0,3.0,3.0,2.3333333333333335,3.3333333333333335,2.6666666666666665,3.0,3.3333333333333335,3.6666666666666665,4.0,2.3333333333333335,3.0,2.6666666666666665,2.3333333333333335,3.6666666666666665,3.6666666666666665,4.666666666666667,2.6666666666666665,3.0,2.3333333333333335,2.3333333333333335,3.6666666666666665,3.0,3.0,5.0,3.6666666666666665,2.6666666666666665,4.666666666666667,2.6666666666666665,4.666666666666667,3.0,4.333333333333333,4.0,4.0,2.3333333333333335,3.0,2.6666666666666665,4.333333333333333,3.6666666666666665,5.0,3.3333333333333335,6.0,4.666666666666667,4.0,4.666666666666667,3.0,4.666666666666667,3.6666666666666665,6.333333333333333,4.333333333333333,4.666666666666667,3.0,4.666666666666667,5.0,5.666666666666667,4.0,4.0,7.333333333333333,4.666666666666667,4.666666666666667,2.5,4.5,5.0,3.0,5.5,7.5,2.0,2.0,2.0,2.0,2.0,2.0,2.0,2.0,2.0,2.0,2.0,2.0,2.0,2.0,2.0,2.0,2.0,2.0,2.0,2.0,3.0,2.0,4.0,2.0,2.0,2.0,2.0,2.0,2.0,2.0,2.0,2.0,2.0,2.0,2.0,2.0,2.0,2.0,2.0,2.0,2.0,2.0,2.0,2.0,2.0,2.0,2.0,2.0,2.0,2.0,2.0,2.0,2.0,2.0,2.0,2.0,2.0,2.0,2.0,2.0,2.0,3.0,2.0,2.0,2.0,2.0,2.0,2.0,2.0,2.0,2.0,2.0,2.0,2.0,2.0,2.0,2.0,2.0,2.0,2.0,2.0,2.0,2.0,2.0,3.0,2.0,2.0,2.0,2.0,2.0,2.0,2.0,2.0,2.0,2.0,2.0,2.0,2.0,2.0,2.0,2.0,2.0,2.0,2.0,2.0,3.0,2.0,2.0,2.0,3.0,3.0,2.0,2.0,2.0,2.0,2.0,2.0,2.0,2.0,2.0,2.0,2.0,2.0,2.0,2.0,3.0,2.0,2.0,4.0,2.0,2.0,5.0
1087.2628006785405,3.0,3.0,2.5,3.0,3.0,2.5,3.0,2.5,3.5,3.0,3.0,3.0,3.0,2.5,2.5,3.5,3.0,3.0,3.0,4.0,2.5,4.0,3.0,3.0,2.5,3.0,3.0,3.0,2.5,3.0,2.5,3.0,3.0,4.5,3.0,3.0,3.0,3.0,3.0,3.0,3.0,3.0,3.0,2.5,3.0,3.0,3.0,2.0,2.5,4.0,3.0,2.5,3.0,2.5,5.5,3.0,3.0,4.0,3.0,2.5,2.5,2.5,3.0,3.0,4.5,2.5,4.0,3.0,2.5,2.0,3.0,3.0,2.5,3.0,3.0,3.0,2.5,3.0,3.0,3.0,3.0,2.5,3.0,2.5,3.0,2.5,3.0,3.0,4.0,2.5,2.5,3.0,3.0,3.0,3.0,2.5,3.0,2.5,4.0,3.0,2.5,3.0,5.0,3.0,3.0,3.0,3.0,4.0,3.0,4.0,2.5,3.0,2.5,3.0,2.5,5.0,3.0,4.0,3.0,3.0,3.0,3.0,2.5,3.0,3.0,2.5,2.5,3.0,3.0,5.0,4.0,3.0,4.0,3.0,3.0,3.0,2.5,2.5,3.0,2.0,3.0,3.0,2.5,5.0,2.5,3.0,3.0,2.0,3.5,3.0,3.0,3.0,3.0,3.0,3.0,3.0,3.0,2.5,4.0,3.0,3.0,3.0,3.0,2.5,3.0,2.5,3.0,4.5,3.0,3.0,3.0,2.5,2.0,3.0,2.5,3.0,3.0,3.0,4.0,3.0,3.0,3.0,2.5,5.0,3.0,3.0,3.0,2.5,2.5,3.0,3.0,3.0,3.0,2.5,2.5,2.0,2.5,3.0,2.5,3.0,3.0,3.0,3.0,3.5,3.0,4.0,3.0,4.5,3.0,3.0,3.0,3.0,3.0,3.0,3.0,3.0,3.0,3.0,3.0,3.0,3.0,2.0,2.5,3.0,3.0,3.0,3.0,2.5,3.0,3.0,2.5,3.0,3.0,3.0,3.0,3.5,3.0,3.0,2.5,2.5,3.0,3.0,2.5,3.0,3.0,3.0,3.0,4.0,3.0,2.5,3.0,3.0,2.5,3.0,3.0,2.5,3.0,3.0,2.5,3.0,3.0,3.0,3.0,3.0,2.0,2.0,2.0,2.0,2.0,2.0,2.0,2.0,2.0,2.0,2.0,2.0,2.0,2.0,2.0,2.0,2.0,8.0,2.0,2.0,2.0,2.0,2.0,2.0,2.0,2.0,2.0,2.0,2.0,2.0,2.0,2.0,9.0,2.0,5.0,6.0,2.0,2.0,2.0,2.0,2.0,2.0,2.0,2.0,2.0,4.0,2.0,2.0,2.0,2.0,2.0,2.0,2.0,2.0,4.0,2.0,2.0,4.0,2.0,2.0,2.0,2.0,2.0,2.0,2.0,2.0,4.0,2.0,4.0,2.0,2.0,2.0,2.0,2.0,2.0,2.0,2.0,2.0,2.0,2.0,2.0,5.0,2.0,2.0,2.0,2.0,2.0,2.0,2.0,2.0,2.0,2.0,2.0,2.0,2.0,2.0,2.0,2.0,2.0,2.0,4.0,2.0,5.0,5.0,2.0,2.0,2.0,2.0,2.0,2.0,2.0,2.0,2.0,2.0,5.0,2.0,2.0,2.0,2.0,2.0,2.0,2.0,2.0,2.0,2.0,2.0,2.0,2.0,2.0,2.0,2.0,2.0,2.0,2.0,2.0,2.0,2.0,2.0,5.0,4.0,2.0,4.0,2.0,2.0,2.0,2.0,2.0,5.0,2.0,2.0,2.0,2.0,2.0,2.0,2.0,2.0,2.0,2.0,2.0,2.0,2.0,2.0,2.0,2.0,2.0,2.0,2.0,2.0,2.0,4.0,2.0,2.0,2.0,5.0,2.0,2.0,2.0,2.0,2.0,2.0
